"article_id","affiliation_id"
"2-s2.0-85162981044","e162660d-79e1-4b48-a30e-5d94844af0fe"
"2-s2.0-85162981044","cd9191e8-feff-461c-a07f-fee8d939799e"
"2-s2.0-85162981044","8898a69a-c023-4a83-8659-6707a79ec48e"
"2-s2.0-85162981044","f7f9dc4f-29cb-4a5d-8209-71fed8dec6e4"
"2-s2.0-85149013333","f6b54023-100d-4f08-b29d-597cd22c10f9"
"2-s2.0-85149013333","9eda8c79-0cab-4adb-a0f0-937d974a5e51"
"2-s2.0-85149013333","008a3d2c-999d-4c31-a951-a09da6ab50be"
"2-s2.0-85149013333","26016afe-3adf-434f-a322-fc064555df5a"
"2-s2.0-85149013333","cb9c9ee8-8659-416f-91f2-6814505825ae"
"2-s2.0-85160833451","b21dc11d-42be-430e-980c-b8b8cfc3db8c"
"2-s2.0-85167577291","1b2107a6-8102-4e2d-be13-3eccf707c1d8"
"2-s2.0-85167577291","d6e80ef7-b62b-4941-a49a-5d12d5293563"
"2-s2.0-85143804200","b17119ce-c506-466e-81df-91e29ed5a9d6"
"2-s2.0-85143804200","8e26b971-54c2-44a5-9917-60b68d556a8b"
"2-s2.0-85143804200","c97241c3-2fc6-4337-9f9e-dd95b5453f2e"
"2-s2.0-85143804200","ab74688d-f0e3-4b93-ac44-36ae333dc36f"
"2-s2.0-85164330112","9446cf12-5ac7-4c37-9008-1da24b9292da"
"2-s2.0-85164330112","d430f86f-8941-4109-ad59-872d691c22cf"
"2-s2.0-85104643201","6bd1e30b-d353-44c5-be48-7dd41738c258"
"2-s2.0-85189165101","5725ab73-f3f0-487b-acbc-614969c02c27"
"2-s2.0-85189165101","4bf67f83-a5c5-4f1b-b8b8-a6ed1b74f6bb"
"2-s2.0-85189165101","c422cf70-349b-4ca8-baf9-6192cf69697c"
"2-s2.0-85180253143","d935a367-997d-4720-b80b-4f85bbf29047"
"2-s2.0-85180253143","22d74be5-8ea1-493e-b163-6e587ccd8e9f"
"2-s2.0-85180253143","d70af1e6-9799-44ef-a1e7-9cf50e230e6b"
"2-s2.0-85180253143","c2e4c053-b3fa-47ef-81ad-b0bed749f38c"
"2-s2.0-85177492685","cbe19a1f-60b6-4f8f-a877-b5939d71b5ca"
"2-s2.0-85177492685","9c1f3ffc-6b7a-4255-b86e-9272c4109226"
"2-s2.0-85142458747","e32e9b65-a9c1-4275-bd3a-fd114ec76835"
"2-s2.0-85142458747","5d61fa80-ce13-4b3b-917c-e2a99245c94f"
"2-s2.0-85164014254","28d12fc3-3b97-474b-b449-58632ce94000"
"2-s2.0-85164014254","10fe00dd-f85d-4b27-852d-021e0b82c917"
"2-s2.0-85127555538","91231a3e-4e30-490e-b57f-13e33c074a64"
"2-s2.0-85127555538","d3127672-9bf4-41ee-a019-04a603eddcb5"
"2-s2.0-85127555538","b8613732-5ac0-44e6-815a-6efbcbdd4b66"
"2-s2.0-85127555538","bfa9dd36-2dc4-452d-8401-6193cffc0ba3"
"2-s2.0-85127555538","624482de-54c1-4097-9af1-4d23f477b4e1"
"2-s2.0-85127555538","b193326f-89f6-4769-b2bf-d1c7687f1d9d"
"2-s2.0-85188150277","3ff20dfe-a36d-4e29-a7be-1e68c6543104"
"2-s2.0-85188150277","6768f46d-7dbd-421a-978c-60f61ae82b10"
"2-s2.0-85188150277","2ccbd1a1-cfff-44c5-9f26-72774b77e320"
"2-s2.0-85188150277","3f7a11eb-2434-4185-a241-c67489573099"
"2-s2.0-85124005642","9efcdb40-ca8c-4df6-9977-7077acf114bf"
"2-s2.0-85124005642","7d0a48d9-5dc5-4220-9955-89c44af3ad1b"
"2-s2.0-85124005642","a44a05b6-ccd4-4c8f-b3bb-e95a6e6fefe5"
"2-s2.0-85124005642","ef4b391e-760f-4bfd-916e-135e54d6ca10"
"2-s2.0-85124005642","b5622c4a-b21f-4e63-b644-347e4d71b486"
"2-s2.0-85132537421","218d887b-9762-46e3-ae22-2adfefe6d20c"
"2-s2.0-85135730861","028d04d5-ce8e-40cb-a9c1-96882db90ca1"
"2-s2.0-85135730861","578a2668-d18e-4df6-b01b-cfb84344c051"
"2-s2.0-85135730861","d18e2a90-a718-473c-a60f-080177dc178c"
"2-s2.0-85178385301","9fe4427c-986b-41af-91c0-81cdeefeaefd"
"2-s2.0-85178385301","5fc8b217-983e-45a2-b8c3-aac97e0e5bcb"
"2-s2.0-85178385301","9733cd80-8350-4808-910a-b6ae43c73b85"
"2-s2.0-85126999621","11d69371-fc42-4cf2-8458-014ef1b958c3"
"2-s2.0-85126999621","9600600a-a9d3-4a52-8a78-2866b782ee87"
"2-s2.0-85129068950","445e50ca-f224-404a-b52d-9792f941ef69"
"2-s2.0-85129068950","8102c908-078f-4f71-b8a7-12b2e05f0982"
"2-s2.0-85118181962","1294b224-2036-4e73-a926-35b75e9b6803"
"2-s2.0-85118181962","b97d2a1f-3ddd-484f-8a7f-b5f10eb6651b"
"2-s2.0-85154576999","5e428d7f-a420-4349-86b5-02cbe38c8592"
"2-s2.0-85154576999","58e4a405-d5e3-4929-a281-b7193e5a8302"
"2-s2.0-85117324730","ec0a0b59-0dd3-478f-a97a-7e48e4c4958c"
"2-s2.0-85117324730","6b1e869c-6e8e-41f9-982a-7004c244028f"
"2-s2.0-85184823294","2eb96142-e3be-4261-97d8-2e41302786c0"
"2-s2.0-85184823294","2115de27-b64a-489d-b0d2-fa59112e84ad"
"2-s2.0-85184823294","eb287afa-290f-44ea-a22d-b81d81c9e3e0"
"2-s2.0-85184823294","58aa1923-766d-4e93-a8f3-a3079f9a4c29"
"2-s2.0-85184823294","c1d07b64-2fb3-4c23-b5f2-f3e7376ce763"
"2-s2.0-85184823294","7eff9579-503e-49e2-8241-62165d3d2b3f"
"2-s2.0-85184823294","c499eaea-1ac2-428f-bb52-bc75bdb055fb"
"2-s2.0-85184823294","86bed0c8-395d-4f65-b612-ee3345d28621"
"2-s2.0-85101250241","16bc4f40-1ad2-4a3c-af97-34767d8c9f65"
"2-s2.0-85101250241","5e4ef270-e4d7-49af-9780-b3a6de090877"
"2-s2.0-85179043779","999aae60-a3ce-4da2-bd7d-1d4131497767"
"2-s2.0-85179043779","b6a5a6e2-6397-402a-b4ea-6db47c956a80"
"2-s2.0-85125060481","0144d4fe-68e6-46b8-ad85-cae5a9336647"
"2-s2.0-85103397524","a46677a0-4836-4242-8779-2f728c60e2a2"
"2-s2.0-85103397524","1c9c4682-c138-48e3-b6c4-25763f267b73"
"2-s2.0-85182146882","ebd1a05d-13a8-4c79-a727-46646a545458"
"2-s2.0-85182146882","ef48011f-e5c9-44af-b651-e28c60b03f7f"
"2-s2.0-85185267229","8520e0c7-c6af-4364-b50e-17e2c6ac6dab"
"2-s2.0-85185267229","11efed55-0db2-4379-9360-8676bcfda6d5"
"2-s2.0-85185267229","fea5c4e0-61d1-4318-8950-07083fe5cbaa"
"2-s2.0-85130950378","ad60d3c5-16d1-4be7-acca-7cbf70517427"
"2-s2.0-85130950378","3b2869e4-a73c-458d-b956-fe1759acc9f4"
"2-s2.0-85130950378","11f538d3-343c-4c58-93b5-16e46776fa09"
"2-s2.0-85142443390","cc0547fe-cc40-4949-9398-9d81ce878ad2"
"2-s2.0-85142443390","5d61fa80-ce13-4b3b-917c-e2a99245c94f"
"2-s2.0-85142443390","283b0304-7b55-45cd-84b4-0f6d8df2b5be"
"2-s2.0-85127431422","97557190-a287-418c-a96a-42220ba7e2d5"
"2-s2.0-85127431422","0e2feaac-f418-4de8-81a2-89f57ab769ac"
"2-s2.0-85167693202","e2ffea89-9b61-42c2-8199-79f73f9c00c6"
"2-s2.0-85146179730","e6c098fd-ef45-4cba-b652-1c39eb9813b9"
"2-s2.0-85159940910","3ff20dfe-a36d-4e29-a7be-1e68c6543104"
"2-s2.0-85159940910","e82232d8-e86c-4290-a64a-d73b4a2a0683"
"2-s2.0-85159940910","6768f46d-7dbd-421a-978c-60f61ae82b10"
"2-s2.0-85159940910","3f7a11eb-2434-4185-a241-c67489573099"
"2-s2.0-85182739878","a081c60d-f579-42c9-aaff-4a67f8a11d32"
"2-s2.0-85182739878","e4c18e07-8a0f-4e10-aa2d-6f5446c2795c"
"2-s2.0-85182739878","b67d4333-2d54-4a6a-8b34-13dfacb056d6"
"2-s2.0-85180594890","6c2e7827-d127-4996-aa46-ae8bfe0e5ac4"
"2-s2.0-85180488167","2fe4d7a8-a2b6-4536-af60-bebf105769a8"
"2-s2.0-85099005983","027685ed-d99e-4d24-aa5f-14b553b619bc"
"2-s2.0-85099005983","a237b5ab-7b3a-4cd4-bbae-f3a67e27b95d"
"2-s2.0-85099005983","419fb991-955d-405b-b454-3e942bbf22ef"
"2-s2.0-85175699890","a659f297-0a27-432d-a8c0-6be7edf81c45"
"2-s2.0-85143637863","ac42d75b-c5ca-4fff-ae36-2e4625f66558"
"2-s2.0-85143637863","cb1f7d43-2096-4d7f-9ccc-edc7b52674b8"
"2-s2.0-85143637863","0865c91c-8d41-423a-8bd2-4fcf73659511"
"2-s2.0-85142315500","b10c8c77-4617-4b69-992c-3e1b572bbdf0"
"2-s2.0-85142315500","47d9fba3-c892-4d29-9cbd-8ec1cc7347f6"
"2-s2.0-85184514492","4c291e22-8733-4878-8a83-6b6eb548882d"
"2-s2.0-85184514492","2c997415-a490-4dad-8095-2590784d761c"
"2-s2.0-85138517489","8e32fca4-0443-4d6a-a172-e200a55a6245"
"2-s2.0-85138517489","97ba9e43-c507-410c-9464-7a864feeae72"
"2-s2.0-85138517489","dd851a26-4d6a-4b9c-8ccc-7d32a116c3bf"
"2-s2.0-85138517489","13878c11-498a-4e54-bd2d-a0aeb6c5c7df"
"2-s2.0-85130703864","e67b9655-884e-4ab5-9fc7-f81a8fc5624a"
"2-s2.0-85130703864","e7a63cb0-ec14-44b1-936b-d8f7e53c6db7"
"2-s2.0-85130703864","828fdf41-9b94-45f4-bc4c-8b7c535a6b4d"
"2-s2.0-85144986923","a7c1bb49-09d7-4c98-aa1e-2a3499b4309f"
"2-s2.0-85144986923","21f48767-8206-4426-8182-2dc052987140"
"2-s2.0-85144986923","1d417493-68cf-4716-ba92-0d95dc9f5b6d"
"2-s2.0-85144986923","ea0a2d42-7822-4d3e-81e3-30a3363cf4e5"
"2-s2.0-85144986923","889df256-9950-4996-beea-802ec81d1575"
"2-s2.0-85104492172","2c702a2b-2dd6-44f9-b29a-bda163a49b1e"
"2-s2.0-85104492172","2cacf628-e885-412c-94f2-121a1ab17105"
"2-s2.0-85127319916","f4c89882-ab0d-4858-bbe8-3674edbaeb85"
"2-s2.0-85161323162","38067c6d-21a3-4716-8d41-1f9af03f9ec7"
"2-s2.0-85161323162","b51f8827-d5d5-445a-9a71-a9eff0ba988c"
"2-s2.0-85118877429","bca69b19-df7a-40cd-9b45-05e167c93d7d"
"2-s2.0-85118877429","c207a10b-2435-490f-b4e2-27a5b067e5ce"
"2-s2.0-85190590083","44a74698-0f3a-4e7b-a191-f0f2fd30271f"
"2-s2.0-85190590083","08490873-1260-4a11-95ce-bd58dc2747e5"
"2-s2.0-85190590083","57bcb61d-8331-4f92-8b4d-fbcf457cfde2"
"2-s2.0-85190590083","960b4288-9534-4e79-a492-b54c76566b25"
"2-s2.0-85190590083","482657b4-18f9-42eb-8500-fef98806d763"
"2-s2.0-85170659126","60634d57-34d8-4f5d-94d9-4b3a37b3a7d9"
"2-s2.0-85167798644","37021b24-8e26-43ba-b6a9-33b8b3604344"
"2-s2.0-85138075409","7b69da65-fa47-4ae1-a8fe-26202a525391"
"2-s2.0-85138075409","0fa54a55-448d-4500-a3ce-5858c45e99e9"
"2-s2.0-85138075409","02078b31-5e15-416b-9a45-fb042f5da59d"
"2-s2.0-85111971188","5002e3c7-937a-45ee-8182-8085716f60e2"
"2-s2.0-85111971188","fd1803b7-c0cb-4a31-b408-dad4a49b48a7"
"2-s2.0-85111971188","4e922fd8-c40d-407a-ac93-7f1d0facf660"
"2-s2.0-85111971188","540f3d5e-6833-4e83-9889-c59b22fb1fe1"
"2-s2.0-85177439490","907ea86b-c900-4bee-8ef0-9ed98410e766"
"2-s2.0-85177439490","a838083c-a2dc-4dd5-bce0-aa859b7afaf5"
"2-s2.0-85177439490","10c2db98-e992-4adf-bf14-3b0c599679c1"
"2-s2.0-85186930141","3a3b7de7-a03b-45a7-8cf2-00ed2ff5f00a"
"2-s2.0-85186930141","a7677ccc-c929-44d9-9e21-e97c20de8731"
"2-s2.0-85186930141","98477c54-84ab-4062-8550-1a5ddf98d084"
"2-s2.0-85186930141","3f354fff-3cb4-4445-9066-23547782ab5e"
"2-s2.0-85172475721","9cbe5d85-5d94-448e-88c0-fb54a6f3db26"
"2-s2.0-85172475721","b74eae64-f673-4a31-92b6-866da61ef4f7"
"2-s2.0-85106037341","ea7865b9-5624-486b-bfc9-d1987fc1452c"
"2-s2.0-85106037341","c1955278-ffa4-4725-881a-169bcf8babe9"
"2-s2.0-85106037341","efdef035-f799-4a5c-8c27-88e00e4f3dbb"
"2-s2.0-85106037341","b27691db-7a25-4704-b243-21cc0530d013"
"2-s2.0-85156262842","57b94cb1-8e37-404e-afa5-7b31b4db200c"
"2-s2.0-85156262842","a4e01ba5-9517-42df-a72d-630f7676624b"
"2-s2.0-85156262842","24889554-bdb7-41bb-9f9f-227eb8cc07b6"
"2-s2.0-85156262842","d3d5779f-ad38-41a5-a0d6-7871e7b6e0b7"
"2-s2.0-85156262842","09d9b1bf-cfdf-4324-b458-564ccbe9076a"
"2-s2.0-85156262842","4ee277fb-dfbd-4179-b2f1-e37a88b77d24"
"2-s2.0-85156262842","7569d33b-3946-46f6-9e48-06d54d3796c5"
"2-s2.0-85156262842","6244c4f5-64de-4ffa-b7db-6494fc890165"
"2-s2.0-85173751983","3ff20dfe-a36d-4e29-a7be-1e68c6543104"
"2-s2.0-85173751983","3a697292-737a-4285-98fd-585a7d19f722"
"2-s2.0-85173751983","6768f46d-7dbd-421a-978c-60f61ae82b10"
"2-s2.0-85173751983","3f7a11eb-2434-4185-a241-c67489573099"
"2-s2.0-85179075902","1f4317d5-7c53-4bf2-acda-56764aae0977"
"2-s2.0-85179075902","265147c9-c8c5-4c60-963b-1695b2776e5b"
"2-s2.0-85179075902","eda2039b-f3b1-44e3-af05-401877d4c02d"
"2-s2.0-85179075902","421f0748-aaed-4e7e-8420-cbcdc9ce7427"
"2-s2.0-85106351717","fe671a4e-14dc-4754-a39c-9067c4d847ee"
"2-s2.0-85106351717","c2f5f68a-99de-47ba-8f8d-1132fd422f9c"
"2-s2.0-85106351717","bea2233e-1faa-4047-9ab2-6fee7de8de41"
"2-s2.0-85123542732","71c0ad64-66dc-40ea-976b-d382fb9db6cd"
"2-s2.0-85123542732","ba5a567d-2b04-4280-ae7f-c27efd316a4d"
"2-s2.0-85123542732","aece4c3c-a27c-4f19-8232-22b15ab96be3"
"2-s2.0-85123542732","50395afa-e31b-4c02-8f9a-e600d2a642f7"
"2-s2.0-85123542732","1e529010-c54c-4758-9764-f13a965c42a5"
"2-s2.0-85123542732","ac94b205-e859-4009-ba54-4ed3bae3fa29"
"2-s2.0-85123542732","0a4332a6-11ff-495b-96da-b7ff86738aec"
"2-s2.0-85188731518","b85a5fe4-3b24-4fff-bdcc-115178091b8d"
"2-s2.0-85188731518","ad3771e4-eb55-4f58-b568-244747a7c792"
"2-s2.0-85188731518","5ff80f61-5256-4f35-9445-ce0ee00e6308"
"2-s2.0-85188731518","e359762b-74e7-4f4f-8fe6-997ad937be15"
"2-s2.0-85127869936","bc7be93e-6035-460a-b7d0-58fa4a958179"
"2-s2.0-85127869936","7b9b05ca-d4fa-4f69-bc69-d37795e9b757"
"2-s2.0-85127869936","9776b484-178d-4bae-9c9b-72b710593aa2"
"2-s2.0-85151536783","6768f46d-7dbd-421a-978c-60f61ae82b10"
"2-s2.0-85133506373","b4682fa7-3561-483d-bb32-54575e72a282"
"2-s2.0-85125892630","2ae78b0e-e404-4eda-ac6a-73999eb4da4c"
"2-s2.0-85125892630","abe2656a-2254-429d-b56f-7dd1abd4672f"
"2-s2.0-85129314895","efd34550-4bc8-4003-b711-362c96d8a1aa"
"2-s2.0-85129314895","051ae44a-821e-4fa0-afad-8669201a4db9"
"2-s2.0-85129314895","19de022e-98c2-4da2-ae00-ef8d1057682d"
"2-s2.0-85129314895","134f1b83-d7f7-4a2d-ba96-2ef9e2c23091"
"2-s2.0-85129314895","470e2208-8132-42cb-8375-0ce94ec6b78c"
"2-s2.0-85139093557","49aa49a6-274f-4fbc-98e3-0bccd7edd438"
"2-s2.0-85139093557","662e4a60-0753-4bcf-8acc-3e429d5cd7d8"
"2-s2.0-85139093557","43ead2ba-3f1e-429b-b096-72a3fe193718"
"2-s2.0-85174273200","9b1c86e3-1314-475c-a599-b34ec48845e7"
"2-s2.0-85163943874","82ff7b69-62df-4281-849f-ac3dba10d93f"
"2-s2.0-85163943874","4a1c27a6-5bb0-4601-8411-0e519929a755"
"2-s2.0-85189015272","7f2d98ef-87aa-422e-b020-4d84cae85a96"
"2-s2.0-85189015272","62a39341-4440-43a5-9f81-2fb1ca7e044e"
"2-s2.0-85189015272","5fd290b0-25e6-4c47-b9e5-8b1e0ecf1e2b"
"2-s2.0-85189015272","ffd98685-8303-49de-a3ba-0c24e2960e05"
"2-s2.0-85189015272","7fdad143-8e6b-4fe0-86c5-432bc5f1f4ae"
"2-s2.0-85103550502","7c0c015e-476a-4464-82e6-e5635e31adcf"
"2-s2.0-85103550502","7ea5baaa-befb-40bb-992e-d16572fab5c8"
"2-s2.0-85127413836","8c8160e6-e404-44ec-8bf2-0c3edc85c0d5"
"2-s2.0-85127413836","ee22d966-f337-4ced-abf2-4b5c41a34b7d"
"2-s2.0-85127413836","fe91a881-a167-4b5a-9f73-02ce17e49cb7"
"2-s2.0-85127413836","ed64d82b-6d56-4fe1-ac1c-596f4f696fdb"
"2-s2.0-85127413836","6e075250-b7f9-4ab5-9462-987548b16b4a"
"2-s2.0-85127413836","3fdb6546-d89c-4735-98d6-a11a59876fc2"
"2-s2.0-85127413836","bfd96a45-93d5-42e7-84b7-7ee61646f851"
"2-s2.0-85127413836","941ff8f1-9498-4eb0-9510-ecb43c1823d9"
"2-s2.0-85118758577","c70cc0b0-305f-4c9e-bef3-1a0f00b3e974"
"2-s2.0-85118758577","4b98ca7b-487b-41ab-bc02-d7b9dd949751"
"2-s2.0-85118758577","1043b9b8-84a4-4ae1-b6f6-1d228e481b40"
"2-s2.0-85146764078","3f5345be-3ee7-4ef2-aee6-dd9cc71fbb8c"
"2-s2.0-85146764078","ca386a18-359b-4115-ac76-81692bcdf2b1"
"2-s2.0-85146764078","22a32359-90d9-48f0-956d-0b571bca17c2"
"2-s2.0-85146764078","4158cd10-5215-4fb4-94ce-ca65f3985002"
"2-s2.0-85174258737","5453a39c-4ed1-4e07-8a0d-6a228eaf9967"
"2-s2.0-85174258737","ab3a871a-3d9a-4a9d-b0e1-f6c8ad4fcece"
"2-s2.0-85174258737","929e2bfa-d54a-4994-8349-b1267d202f7d"
"2-s2.0-85144640872","c20ceac7-9560-4903-b744-125f764c690f"
"2-s2.0-85144640872","be4a31d3-743c-4612-a19f-8a59919f677c"
"2-s2.0-85144640872","923b3b1e-5957-49e2-af6e-a70da6f3ccb8"
"2-s2.0-85144640872","55acf3ff-623d-4197-b984-37d5c27bb768"
"2-s2.0-85144640872","0ceabba8-4a7d-425b-8f18-d0c2756be901"
"2-s2.0-85144640872","be3e6c8c-4db0-4005-a1b3-0879ff6a12d4"
"2-s2.0-85186541194","428fc331-7e22-465c-9497-0e91942ecc29"
"2-s2.0-85143206570","22766063-86a9-446c-8548-241aff23bdef"
"2-s2.0-85143206570","ba3849f6-bb6e-439c-ba71-7a5a5764f118"
"2-s2.0-85143206570","0b9ebe79-bdb2-44e5-a147-af751ab8a707"
"2-s2.0-85143206570","a2153617-0f78-4a2d-9815-1b0b35e62348"
"2-s2.0-85143206570","ab8608b7-fda5-43a5-93e8-2fec5055b833"
"2-s2.0-85144287213","ddedc27d-8a81-44de-ae33-36c73acb3770"
"2-s2.0-85144287213","9759b1d8-643b-4d99-b9e2-651a4faef093"
"2-s2.0-85144287213","e327a0d0-3286-4764-9cc6-aed1cb37be34"
"2-s2.0-85144287213","5715a735-d5d1-41ea-8437-32f30ea2a928"
"2-s2.0-85144287213","756819e2-7e7c-4721-9b54-66e5517916fa"
"2-s2.0-85144287213","1a4df005-7b4d-45ff-b7fd-3f895b8c5985"
"2-s2.0-85129748392","6b159892-1443-4243-ab35-2d490dbf1a1f"
"2-s2.0-85178366865","6e70093b-faef-4dcf-a7b6-7de632682d7f"
"2-s2.0-85178366865","9a1ed22a-ba8f-4d9d-842f-99954670cc3c"
"2-s2.0-85178366865","26ef0e2c-afe2-433d-9881-da5cc9373200"
"2-s2.0-85162914415","57b94cb1-8e37-404e-afa5-7b31b4db200c"
"2-s2.0-85162914415","2e9d8a57-d64b-40fa-bb12-2cbf8ab586a4"
"2-s2.0-85162914415","7720d41f-d33e-431c-ba0c-82a16c7ef2fd"
"2-s2.0-85182883827","f86f2843-4bce-4aa2-98fd-3937731fef75"
"2-s2.0-85182883827","ccb12853-9c96-4d21-85ee-aed61407617f"
"2-s2.0-85182883827","caf56bdc-df1e-44eb-bf16-c8eff187aabd"
"2-s2.0-85182883827","af9962e1-bb46-407a-a628-dc67e65dced2"
"2-s2.0-85182883827","04f48810-e2a2-4b2f-b342-614ba02379bc"
"2-s2.0-85179317489","21adf556-4c48-4e3e-a1f5-6ba69c898673"
"2-s2.0-85128864690","ba112d1f-2b6f-4357-b377-94360b1f2be1"
"2-s2.0-85128864690","fe1d2201-8467-4b2c-b71e-57b2cadf86a1"
"2-s2.0-85128864690","bb00b0b1-ca14-44de-b70c-66b146793ac7"
"2-s2.0-85128864690","bc74c8d8-3ec2-4d61-9688-1a30cf976766"
"2-s2.0-85128864690","092a632d-4c0e-4ca7-86b5-8e9897dfcb98"
"2-s2.0-85142502815","08eb1c49-ccd7-4d8a-af67-8676f1b087dd"
"2-s2.0-85142757634","07843931-bdac-414d-b0e2-9ac2755c6575"
"2-s2.0-85142757634","9963c9f9-01ee-474e-be08-edb0bf52d353"
"2-s2.0-85142757634","87330fe6-9d00-4103-8695-524ae61833df"
"2-s2.0-85142757634","1df11484-e1ae-4c52-8678-09e2a91b88f7"
"2-s2.0-85156100756","959edd77-9d18-488b-a8b5-d59e60d5dd53"
"2-s2.0-85105243252","4aecfb53-741d-4c61-a83a-1ceb621c2b34"
"2-s2.0-85105243252","308264d0-1d2e-48a2-a716-e892f4975ad9"
"2-s2.0-85153780111","aa8bebb0-cc4b-46b6-9fa1-e473092da38b"
"2-s2.0-85153780111","65711a05-11a2-4033-8a43-83b9f1791ce3"
"2-s2.0-85153780111","ac8481aa-d076-4ee7-ba52-5dfac36b2287"
"2-s2.0-85178366909","9aa816b3-b51e-466f-af19-dfbe77277b8a"
"2-s2.0-85178366909","52148bd7-4ade-431d-a249-cc950a87e1d4"
"2-s2.0-85113286336","d172d8da-c5b1-4405-b63e-27d572314d3c"
"2-s2.0-85113286336","0983e01d-8099-4ef7-9db6-8fe6d24b6e7d"
"2-s2.0-85096399876","2f3cb341-579e-4698-8dab-6d3868d6db75"
"2-s2.0-85096399876","513a9eb5-8d65-4d18-a56a-210667da5c35"
"2-s2.0-85096399876","52711320-a8de-4f64-ab8e-01d9f0be2a3a"
"2-s2.0-85089755438","12278218-b92c-427e-90f6-75cdfc9629fd"
"2-s2.0-85073074277","d44a7c6b-31fc-41c9-816a-099a62b6cae0"
"2-s2.0-85091881694","36d03267-d5b3-4ac6-b358-44aefd8c9ee9"
"2-s2.0-85091881694","ff111c81-4240-4829-addc-bc781e71408c"
"2-s2.0-85087164686","cbc335eb-b166-4de4-bf78-579fe4a82ffa"
"2-s2.0-85087164686","cd9fa469-5711-4821-ad65-25d858596b90"
"2-s2.0-85087164686","7d765352-832c-4433-ac10-7b51eb8d5f92"
"2-s2.0-85092596322","747fc99a-daa2-48a0-a7ba-ee323db5afbd"
"2-s2.0-85074511166","da2197c5-014d-4997-bf58-9c00b7e8f0e2"
"2-s2.0-85062332189","cf9021de-78fb-41c5-98c4-bc2282b4f03c"
"2-s2.0-85095876854","8059bf94-2771-4036-9752-5d44f3485236"
"2-s2.0-85095876854","f9843460-0931-49c5-8f0c-8359ad2c2919"
"2-s2.0-85088432675","5b33a0e9-551a-4637-9085-135536432fc6"
"2-s2.0-85088432675","dc46a0db-bc10-419e-9200-05922545d904"
"2-s2.0-85065967738","aee0b245-0727-4ff1-8770-e9ff0c352ea5"
"2-s2.0-85065967738","2f11d76f-a351-446a-9772-b003a1ad06af"
"2-s2.0-85065967738","abca5e62-8fef-4aed-9b27-478a78e94d83"
"2-s2.0-85091248416","441cb656-435a-489f-847b-8068e1c6785f"
"2-s2.0-85091248416","6c0a6bb8-a991-41ff-8877-07481eebe8e8"
"2-s2.0-85108850760","1c8572d4-16dc-4564-bfc4-74af70b5a045"
"2-s2.0-85108850760","1f2dd753-a779-4de4-853c-b778c286bf0f"
"2-s2.0-85108850760","8a684ab5-f121-4d86-a662-15244aaa0043"
"2-s2.0-85108850760","2e25e3d8-965d-4c03-810c-f4c9c1ed4843"
"2-s2.0-85108850760","007bf925-5a99-4888-a6e7-4dab66ac610e"
"2-s2.0-85081551954","181b5f2f-4fe2-441e-93b0-e2bf0f9df930"
"2-s2.0-85081551954","d19e3dae-0f14-427d-9a5e-8f94bee2f4d8"
"2-s2.0-85078052315","ad82e275-43b0-4c60-9eed-b53f205f7c0b"
"2-s2.0-85078052315","ec44af3b-2f86-4193-96d8-6abc4b4e02b2"
"2-s2.0-85102883991","4bd3a747-7328-4aa6-a0d1-3e49288df52b"
"2-s2.0-85102883991","ad8992c5-4f34-430e-8d6a-5704e62d052a"
"2-s2.0-85076162915","65e9a88b-16a9-41b0-9e30-714f1bbc7fcd"
"2-s2.0-85076162915","fada7edc-3e2a-4126-a8bd-661ef66b1524"
"2-s2.0-85065975354","a3a45ad9-9619-4001-9481-fd5346bd6d44"
"2-s2.0-85091464344","417ad713-62a2-4eec-8f35-39195757fc19"
"2-s2.0-85091464344","7ac8cc75-74f9-4703-83bf-ac3bce75fef7"
"2-s2.0-85064530368","43a84f60-6b00-4aff-bf4b-14759c336db1"
"2-s2.0-85064530368","1b087a3f-a003-40ad-a2a7-976b273e0950"
"2-s2.0-85095720110","ca27e3f8-2cb1-4ccc-9593-a3cfdfd13858"
"2-s2.0-85095720110","e1907e5b-d7e9-45bf-b3fe-d34bf29cc550"
"2-s2.0-85095720110","e6a595c0-8ce8-41f8-ad0e-2dbe20ecf00f"
"2-s2.0-85105123193","444cac5d-d928-40ff-95d9-cb1113ff3141"
"2-s2.0-85098096022","fe568f72-664c-45ae-bc06-862e09df19d4"
"2-s2.0-85073105693","3da513d8-e2b9-4010-8c56-1b059892756c"
"2-s2.0-85058112114","a2eaa60b-91b5-4b7b-a585-5d5dc9855551"
"2-s2.0-85058112114","2fe28f64-7ddf-46d5-a16e-20a8cdb525c8"
"2-s2.0-85058112114","2abb94fc-9998-45c1-bebc-5b8ef5f45e24"
"2-s2.0-85094932101","82c35c17-8a1a-45a6-9e83-2560c7cb193f"
"2-s2.0-85094932101","b93ce328-4790-4081-8a2b-1255d4bb1933"
"2-s2.0-85094932101","9efa8ab9-1a83-4a7e-a19a-2abcec1d2386"
"2-s2.0-85077657408","fe7cbe42-cdde-4cd7-be7a-ca471ee8a1b8"
"2-s2.0-85114431868","354b4dc8-d75b-4477-8c0a-cc5abf66b795"
"2-s2.0-85114431868","fe217c14-1a21-47cc-a1bb-7f18c39d8f98"
"2-s2.0-85114431868","70091569-1411-415e-952d-6eb4378f8374"
"2-s2.0-85067993095","92604c71-470b-4e22-8da0-ab1124b4c726"
"2-s2.0-85067993095","4930b364-e02a-4c3e-a884-3a37f0ee5952"
"2-s2.0-85067993095","7d4dd2b0-9adc-4e0f-b716-e180e0e9303d"
"2-s2.0-85060153362","ba897f60-a735-4a63-92d3-aeaa929c5bc9"
"2-s2.0-85060153362","cad129bb-e997-4310-a58b-160ece183c4f"
"2-s2.0-85060153362","550e2a93-3eb3-4387-a52e-d6e69eb75467"
"2-s2.0-85060153362","4ceff086-854a-4b7d-be27-8767a4e6e75b"
"2-s2.0-85147778405","47198fb2-3966-4c0d-bff8-3d32d1d34b41"
"2-s2.0-85147778405","f525dec4-f9d3-478a-bdf2-3bf222c69c84"
"2-s2.0-85147778405","98ed9080-5ee2-4c5e-ae4d-22052b2956fc"
"2-s2.0-85092598485","d35c7e55-702a-4e29-81ab-6631b6c156c6"
"2-s2.0-85101454060","e3b1f853-24b0-4e09-9444-8fcf9c4e8ac1"
"2-s2.0-85101454060","d82898d2-cd67-4939-b3c0-fb075a4be664"
"2-s2.0-85101454060","521e256a-2700-489f-aa8c-6ac0e0b20473"
"2-s2.0-85101454060","beb09a1a-2ef1-43ad-b289-0993c809df16"
"2-s2.0-85101454060","5d1aa52e-cb09-45ea-8d6b-794a2584f753"
"2-s2.0-85053693704","d167a2ec-a8f7-4aff-9dea-4aade6e345a7"
"2-s2.0-85053693704","2d8920e7-9153-42d9-997b-6ef183713c85"
"2-s2.0-85053693704","5c72c3cc-16a5-4712-a9ce-f75b9caa81d2"
"2-s2.0-85053693704","f00a0bb2-0d0f-4c26-b6b4-93223674cada"
"2-s2.0-85053693704","1d023091-6af1-4c1a-be72-3e417394d94f"
"2-s2.0-85053693704","280c7b13-bb20-4017-a0d7-b11017c1493b"
"2-s2.0-85104342983","cc9fc376-9e2d-427a-b9b4-ff01d97ff7b9"
"2-s2.0-85104342983","cecf04fe-b275-40f3-afe1-e5c121469f5c"
"2-s2.0-85099114927","ce11dfb1-a57e-46bd-9a0a-d8ae354dbd4c"
"2-s2.0-85090671054","c19921dd-0636-4656-90be-2753ea15a05a"
"2-s2.0-85067686831","2d8920e7-9153-42d9-997b-6ef183713c85"
"2-s2.0-85067686831","10246289-46c4-4c01-ae08-3eb38b18e95e"
"2-s2.0-85113806664","b73248e3-655b-40a3-87d5-0567404be241"
"2-s2.0-85113806664","ae451aaa-ab16-45d6-9c82-d34cd39cf8ea"
"2-s2.0-85087213747","91606de9-7f73-4f33-891a-aba191b0cb50"
"2-s2.0-85113812785","09f2d1b1-0792-48a4-8ff7-3850aed41ef4"
"2-s2.0-85113812785","43338c2b-613d-4453-8e32-6317960e37ae"
"2-s2.0-85151551430","81dbf868-3773-47e2-872b-6e1de4f37298"
"2-s2.0-85151551430","e05dd225-037d-466f-8dde-75331852c4ba"
"2-s2.0-85064556416","df85303b-117d-4d49-afa3-40e48b673267"
"2-s2.0-85064556416","e375fe92-9a07-4184-b95b-dee02e95d856"
"2-s2.0-85064556416","c40c9d4c-1c5d-4d7a-9c06-1266884eea2e"
"2-s2.0-85107156642","4eca76b8-91cd-403a-bdcd-09e496df4cbb"
"2-s2.0-85085896549","3d59ef43-7643-4870-8c42-2af36ceaa3aa"
"2-s2.0-85077996219","46942ad8-8cb5-4f48-88a3-8369abb56a9d"
"2-s2.0-85077996219","f85707b5-1329-4da7-a97f-1d23375b330f"
"2-s2.0-85077996219","c3b75cb5-25be-41ae-89d1-9f3be15eb228"
"2-s2.0-85077996219","a5cf4956-82be-472c-9766-ace38a6a09fd"
"2-s2.0-85077996219","c0ec6f53-bd7d-4467-99e4-75012ffe70ec"
"2-s2.0-85064147880","e715d39e-a714-4385-9ccc-2b279f1c6784"
"2-s2.0-85070437136","4a5cdefb-c81a-40e4-a7af-963493bc3318"
"2-s2.0-85070437136","e07e95ac-a32f-4ab9-bff4-3bb6b0e15ebd"
"2-s2.0-85088022895","fe075f75-819d-489c-9b2e-5a698d146106"
"2-s2.0-85077147501","0b40bfc6-a1f7-4903-9c30-52d926688c65"
"2-s2.0-85077147501","8ebd867e-8845-4571-bcfb-ff6eb19b3258"
"2-s2.0-85071956296","964bd379-b1d5-4a90-85d0-45ea951fd4b0"
"2-s2.0-85071956296","09bbddc2-20bf-4935-bd58-3502b0322124"
"2-s2.0-85116503808","078f9899-b85a-4627-863a-eace46e16a62"
"2-s2.0-85108584959","f15eafea-074e-46ff-8899-bcb87a226ebb"
"2-s2.0-85089731945","37a1e92f-0682-4a17-b60b-d4aba67716fb"
"2-s2.0-85054395326","f4c6db02-e895-4716-bb8d-2bcef2b3194c"
"2-s2.0-85103282980","b0be91c1-e144-4a85-b9cf-b4a8ddec1254"
"2-s2.0-85066866777","3b66f7f2-a246-4f14-a7ae-8772d0140a1f"
"2-s2.0-85076836502","76345c40-9524-44b7-aeb2-0ab86f1f7b0e"
"2-s2.0-85076836502","988b4425-3cc8-43c0-8a14-3ca03756cfb7"
"2-s2.0-85078486162","64009138-3df0-47d3-8ce6-d80576678142"
"2-s2.0-85078486162","3b464274-1bac-4dbc-bb13-3548ae058728"
"2-s2.0-85078486162","cfca98de-0680-4b05-bc17-ef1abd9af1b2"
"2-s2.0-85078486162","d573a96a-8240-4323-a75d-28ffe76d3978"
"2-s2.0-85090624696","8432428a-b150-48b1-ac36-cba93a8ab2fd"
"2-s2.0-85090624696","eec63872-96b0-460d-a0b8-507e28984d44"
"2-s2.0-85054190130","419fb991-955d-405b-b454-3e942bbf22ef"
"2-s2.0-85054190130","453b2053-4725-498a-b6d8-1e1c19dcee40"
"2-s2.0-85100887042","a0d25029-e0bb-4229-95ff-c86f7c27ccf2"
"2-s2.0-85100887042","c541600f-a8d1-4003-8813-6eb4fa3cc04a"
"2-s2.0-85100887042","5a9555ea-d217-4313-8a6e-7ce3774bee6a"
"2-s2.0-85080966834","e6ba88bc-4e38-4627-a9c7-c16a73593837"
"2-s2.0-85101466130","d8bc6bfa-20be-4f5d-9ad8-abca4fe15de1"
"2-s2.0-85073113658","00d29274-f79a-4dae-a16c-c6d28198ab49"
"2-s2.0-85097776852","e8ea4a80-3178-47c5-ad64-129df244d29e"
"2-s2.0-85097776852","2b78738e-fd87-4c56-b290-6095a4d47aa7"
"2-s2.0-85097776852","cb2dd255-80dd-4506-8cb0-2808bdce2f16"
"2-s2.0-85097776852","2703d113-d529-44a7-b06b-df5dff352afc"
"2-s2.0-85097776852","8ee25eb1-739a-498e-b53a-ba4333d9e977"
"2-s2.0-85088123413","d429367a-f702-4ef0-ac42-26597830bb2e"
"2-s2.0-85088123413","464d4643-1dce-4fdb-93cc-3f1fcec33205"
"2-s2.0-85074848958","605e4793-e5fc-40ed-a0c5-257248a3b8d7"
"2-s2.0-85074848958","cc8c5904-89a4-43e3-9f05-92d9d884badd"
"2-s2.0-85074848958","6829d0f2-21da-4320-bc9b-a46e5b4ff53a"
"2-s2.0-85074848958","28171fd1-e807-4ac1-b235-64adacf2f18f"
"2-s2.0-85097827097","63df0fa4-b83d-4abc-aef6-a7325ee058cc"
"2-s2.0-85097827097","cc111ab9-6af3-4bc7-bc16-9934a86bbd9c"
"2-s2.0-85065974583","b1494f7a-7f1f-47b5-b401-fdd6670f1575"
"2-s2.0-85065974583","9eae8d28-25fb-4073-addc-af04b443eac9"
"2-s2.0-85079230523","66d61d5d-9a18-4c83-8540-a1d65a1ed3c7"
"2-s2.0-85079230523","2f3cb341-579e-4698-8dab-6d3868d6db75"
"2-s2.0-85097541658","53f12cf1-2436-4262-9c1b-830ba74d0e0d"
"2-s2.0-85094813579","605e26b3-cdc4-4308-ab54-fe37b352d67f"
"2-s2.0-85090662962","1a4e386b-378b-4aa9-b76e-75c88b612444"
"2-s2.0-85090662962","3e6df0bc-d054-4996-bf00-f9baa9be30c3"
"2-s2.0-85074599806","32c6ff8a-4bf0-4d5c-ae73-f3dcf5a5a538"
"2-s2.0-85074599806","798059f0-5dfa-4334-9226-45653441ee7f"
"2-s2.0-85074599806","5d6e0b8d-e7c5-485c-abc6-62c665ff361c"
"2-s2.0-85074599806","a25eca3d-cc52-468b-8132-98fe01e4fe86"
"2-s2.0-85087099287","8b1ca2fb-2eec-4486-94f4-1f9634daddeb"
"2-s2.0-85087099287","2e5fcc9a-bd0d-43f8-aabe-c4ee55f5308d"
"2-s2.0-85087099287","bb967405-4a3c-4edc-8d17-dae88fd91d0d"
"2-s2.0-85087099287","d4052b47-f261-4f16-b265-c4ce8076337e"
"2-s2.0-85087099287","0fc73f19-7270-4fb7-ae05-c29b8ae95594"
"2-s2.0-85087099287","50ae1979-5bc9-4a6b-9ca4-37b0063b05c3"
"2-s2.0-85087099287","a689c7fb-e7c1-444f-8b2f-3762faa97e72"
"2-s2.0-85087099287","17020c4b-ca7d-4c50-a64a-2d7cbc0017fd"
"2-s2.0-85087099287","183cfd2d-28de-43f3-9b4e-b44371677b63"
"2-s2.0-85087099287","6177fba9-1afa-4946-b6b0-6fb81a229d57"
"2-s2.0-85087099287","476f2ab9-ab31-4059-8df8-e60c2ff45d90"
"2-s2.0-85087099287","4c643f80-3bbd-4acf-b2db-c9cd261765b9"
"2-s2.0-85097138935","a0e01318-757e-4c4e-a2e7-4f7477854550"
"2-s2.0-85097138935","994109cd-38a8-41fd-8f74-48db30ab8777"
"2-s2.0-85078610926","b1e2f288-1531-47b5-801e-46f638689902"
"2-s2.0-85094201510","fbe8b41c-c42f-4e41-bf16-0b0cb1d145c3"
"2-s2.0-85094201510","92751602-c93d-4640-9f5d-54bcad6ca8e5"
"2-s2.0-85094201510","a1bea5d3-958d-46df-b85d-f18b1178f38a"
"2-s2.0-85094201510","2bb0bfd9-688a-452a-9bf2-e1c007d31c4e"
"2-s2.0-85053032973","4810e0bc-ffc1-475f-9807-eef138d31c46"
"2-s2.0-85125010911","25953200-4e7a-4d01-855d-97814a4533e6"
"2-s2.0-85125010911","9ab43ca8-1b8c-465a-8eab-78bb5c9ab95a"
"2-s2.0-85096050609","25bcfc82-449d-493b-aa53-cb89ca20c890"
"2-s2.0-85096050609","ad0e7e3e-45d6-4ddb-b8bb-0a913b9104ac"
"2-s2.0-85078231596","8507128c-7539-44e5-a6fe-0246823dffdc"
"2-s2.0-85075999750","7ce957dc-0ca4-46d5-a0d9-32238c051628"
"2-s2.0-85075999750","6f3e5061-f9a8-456d-9622-78f2c852e162"
"2-s2.0-85075999750","c3742c09-9c17-4276-bfe2-0fa412638e7a"
"2-s2.0-85075999750","c710c65a-cc00-4496-aeed-5f954940e14e"
"2-s2.0-85083049251","9d1336f4-a10f-47d6-9ffe-94b119d0f0fa"
"2-s2.0-85083049251","2d720e50-3b08-4a8d-8444-2c144149ff75"
"2-s2.0-85068854718","1d00c80f-4507-42a3-aad4-3977cadafde0"
"2-s2.0-85091243022","d43744a7-0344-4d00-a9c8-f5a41c2f8254"
"2-s2.0-85087055718","fe85c80b-07d8-4c8a-a849-5c9b4afc6889"
"2-s2.0-85087055718","4968c241-3dd3-404a-b5ba-b0e5009a03c2"
"2-s2.0-85071738507","6e8c4121-115b-4954-8237-77d3651f4792"
"2-s2.0-85071738507","666f00f6-40a6-4eb8-aef4-5f4ce49b7b51"
"2-s2.0-85086797947","41af5af8-2cd4-47bd-a4dc-41ed47aade77"
"2-s2.0-85021821810","689ac414-a16e-4acb-8be5-9befdc1194dd"
"2-s2.0-85025426964","61e717f7-699a-4c01-8f2a-43612db8f0de"
"2-s2.0-85025426964","ea127775-8f39-43f2-937f-e45b9dba06e3"
"2-s2.0-85025426964","47d6171f-5d81-41b5-b22c-4f8e6d9f33bc"
"2-s2.0-85067600018","44029586-1bc5-4e73-8a01-ba19b8a41eb8"
"2-s2.0-85062621183","3921f7fd-ade9-4df4-b4e2-0de0d08cafd3"
"2-s2.0-85062621183","dbb4698a-10eb-421c-ae3f-c412b11f0912"
"2-s2.0-85054805733","12888e83-b29a-4897-aa8d-f18543dbdc93"
"2-s2.0-85054805733","db60ffe0-1694-4555-b31c-ed64bdf976cb"
"2-s2.0-85043512672","9f48046b-d15e-4f6e-bbbe-35308eb88e4b"
"2-s2.0-85043512672","305fcf5b-ac2c-46d2-baa8-cc9f8fdb25da"
"2-s2.0-85043512672","3d04e203-cc7f-4fa6-b298-b6221465d622"
"2-s2.0-85043512672","29bc7183-4ee0-4fdb-bf40-cc43d43e4cb6"
"2-s2.0-85043512672","c209083a-10ca-49ca-b7df-162218665c5b"
"2-s2.0-85032908701","3e87ee41-9da8-4d06-9dfb-1b53b0f026d2"
"2-s2.0-85046461677","2d5696c3-ec38-4c44-b65e-64fc20d9e68a"
"2-s2.0-85046461677","d1407a87-6eb9-4722-a575-a37d3c9e4fa6"
"2-s2.0-85046461677","796e9924-ea1b-4b88-a251-59048983394a"
"2-s2.0-85026677594","17b6751d-7a3c-4c5c-a4f0-7cc8349e7c70"
"2-s2.0-85026677594","e1855c4c-4b69-44c1-988e-24d34778962e"
"2-s2.0-85026677594","35a591bb-5b3e-48a5-8dac-ac30259dc02b"
"2-s2.0-85026677594","0a17abdc-10b0-40a3-9c4b-c111d8d1045b"
"2-s2.0-85026677594","c4e15036-91e4-4792-8b4d-192182bc6ac9"
"2-s2.0-85026677594","8e8635dc-1342-4f02-bfc9-a0b4db146058"
"2-s2.0-85026677594","72d93642-6b5c-4d2c-90e6-f54eb3e0450e"
"2-s2.0-85026677594","b18b5fd0-5054-43eb-884b-2bc246161181"
"2-s2.0-85014631053","a0682d62-ea37-444d-97f6-cd61ae531be3"
"2-s2.0-85018348296","47f34f47-2486-47a5-9862-7854640a9931"
"2-s2.0-85018348296","3bacb8b6-9d7f-4a77-ad84-0928f161ec05"
"2-s2.0-85034583263","10693f8a-ca2d-4fd2-9741-581421e708b4"
"2-s2.0-85062033504","90acb06d-2ef0-433a-b41e-9ad3057e4da5"
"2-s2.0-85062033504","b7727baa-872a-4de1-a9f7-2f184ef8d4d5"
"2-s2.0-85062033504","7e4ef31d-be84-4f4d-ae05-aa4ebe716558"
"2-s2.0-85036657232","91491c1f-0fae-4f19-9cdb-2372f09b39fd"
"2-s2.0-85036657232","c3626c9d-f3bb-401e-9c6b-6c7ac308bd04"
"2-s2.0-85036657232","c74ed8b7-c3b0-4ced-b6e2-e653aeb6c71b"
"2-s2.0-85036657232","88684137-c36c-419f-b9ad-793481aeb61a"
"2-s2.0-85036657232","d207ff3e-bf0c-4f1f-a6a8-92b56947f078"
"2-s2.0-85070564939","dff9abee-c7d5-440d-a584-ddfd7164c4f5"
"2-s2.0-85070564939","32cf5c8e-c7f1-4da0-ad74-d929bc34e9bd"
"2-s2.0-85053709607","dee0924c-4f12-4958-b213-c8bec5886e99"
"2-s2.0-85003441768","689ac414-a16e-4acb-8be5-9befdc1194dd"
"2-s2.0-85059746200","e6ea9875-78c8-4325-9d35-c1bda1046dcc"
"2-s2.0-85041496493","d478b4af-7e00-4905-a52f-bc5c46a8efb1"
"2-s2.0-85041496493","02bc7784-cb48-4324-8381-cbac48a4d194"
"2-s2.0-85041496493","a9826272-948d-4eaf-84bf-87435313ba48"
"2-s2.0-85041496493","b1207d30-795b-430d-bf19-75ea5d37bf57"
"2-s2.0-85041496493","e6e018ac-d0d0-4ac5-a983-a2b517b6fe30"
"2-s2.0-85041496493","f77073fc-1afe-4db2-a86d-c01caa09ed9a"
"2-s2.0-85045750751","24e16f6a-6512-4926-8b31-e8c6907d5f8d"
"2-s2.0-85045750751","0a02710e-9861-4b1a-977b-e95dab9b8ad8"
"2-s2.0-85040583722","44b5cc41-5c61-49a0-b56f-1d46d5b38682"
"2-s2.0-85033463828","753033e8-d6df-4970-8cce-ff866c5f899d"
"2-s2.0-85033463828","dd9dc4a7-c3ef-4d70-988b-fd9ea4bb8cb4"
"2-s2.0-85033463828","d58050cf-4577-4f6d-be00-f889056a5c18"
"2-s2.0-85037052514","2314fa7a-8eb8-4562-9fff-2493f576824a"
"2-s2.0-85037374757","84e0bbe9-c463-4d1e-9688-a9e8e88c66ff"
"2-s2.0-85055171727","140e3944-5809-424c-8637-0095321d1980"
"2-s2.0-85055171727","789c0e6c-44b3-4c8f-8167-fe0887d2a2d4"
"2-s2.0-85032017642","2483a6de-0e45-4d2a-97d7-3a6f56d1e9f3"
"2-s2.0-85019127272","87369aef-1491-4217-8d76-bb835cf10632"
"2-s2.0-85072229800","862aebf2-ce47-465c-aea3-e928995e1d12"
"2-s2.0-85072229800","d19170f1-c98f-4673-9a1a-058a2c07476d"
"2-s2.0-85072229800","71c4d7b5-2fb1-423c-a2da-a88761c345ea"
"2-s2.0-85065929489","6829d0f2-21da-4320-bc9b-a46e5b4ff53a"
"2-s2.0-85036670449","1a079bb5-50b9-4893-9cdd-89a2a27b6951"
"2-s2.0-85036670449","1cc70bc6-9629-4fcb-a263-c5f52127d4b5"
"2-s2.0-84964614559","af5812f3-afcb-4ead-85a7-7d162039360d"
"2-s2.0-85042001880","21dad11b-3f00-4363-af99-41728618e173"
"2-s2.0-85019651270","bdbfc012-23cb-4705-9fb2-091ddc410ca4"
"2-s2.0-85019651270","9fb2b2fc-f59d-4a1a-9026-3a0bbf446e41"
"2-s2.0-85034069093","f67497c9-acd1-4392-9bfc-45c881d43886"
"2-s2.0-85034069093","dc6edafc-bf9c-4013-a1d9-6e9a6c6a3bd1"
"2-s2.0-85034069093","fcb21ec6-a562-4e85-8719-e561a3f5c7b7"
"2-s2.0-85049580816","3fa4e884-bd04-4c63-be1b-5c32a4496911"
"2-s2.0-85049580816","00fbecbb-82b2-4a96-97f2-ede39c1ca360"
"2-s2.0-85006826184","ebab34e1-2d56-4d66-bf1e-fe49c8c7271f"
"2-s2.0-85074206595","a0ad780d-e389-4208-8cb7-610dee48d99e"
"2-s2.0-85074206595","cf583cd7-0115-42e3-bde5-678f345f6c80"
"2-s2.0-85056630858","606747c7-a0a8-4666-b2dc-0d8efcc90db5"
"2-s2.0-85031812464","a908719d-7ef1-407e-8b31-4ea1bf41da15"
"2-s2.0-85021297507","8e9c00e3-1a33-49c2-ac4e-9aa1942ded97"
"2-s2.0-85062102823","a8806fe8-d692-4221-9cae-590478ed675a"
"2-s2.0-85029214215","dd6530c1-aee9-4e37-bd16-8edc32e0a2a7"
"2-s2.0-85029214215","046232ed-2abc-461c-aa0f-5953934c2868"
"2-s2.0-85029214215","7995e127-e10b-4a0e-b7ec-c16066f8e27f"
"2-s2.0-85006356943","60f6f9d3-f8df-4ff7-9335-a907c5ae7538"
"2-s2.0-85019109930","054f084d-1dc9-4fc0-af54-24d79c2f2ac2"
"2-s2.0-85040964417","d7a6da8c-3954-43d3-bf54-6fe5440d55cf"
"2-s2.0-85040964417","110332b6-8076-4f4b-abc8-d996b7cfd9e0"
"2-s2.0-85040964417","2ae0f402-f758-4b6f-9179-505b78b1bbb2"
"2-s2.0-85040964417","02e87b1f-061f-4116-97d8-8e3e9f7d2557"
"2-s2.0-85068444503","75bb0354-787a-47de-a1fd-5c13dd8925d0"
"2-s2.0-85068444503","33fdeb7a-5d54-4218-89c9-ff1d824f115b"
"2-s2.0-85068444503","1a83b6b9-afab-43ab-99ed-08639a680595"
"2-s2.0-85028515482","8227de0c-b729-4e46-b814-17ea120a7d5b"
"2-s2.0-85018764259","5c49c447-ef8b-4324-b82b-07ac55cf8480"
"2-s2.0-85018764259","fb4c0ab4-401a-47c6-9062-edb0fee3318c"
"2-s2.0-85002213830","489f7763-dd92-40a1-bd70-c0c8cd2900b0"
"2-s2.0-85002213830","2311c0a7-b424-4ffe-8bfd-d7851500df67"
"2-s2.0-85002213830","59961447-36a6-4781-9a8c-36e7a9c5fdb3"
"2-s2.0-85002213830","e831f824-8b22-401d-86fa-9364e1556a34"
"2-s2.0-85002213830","4f0089fb-211c-438f-9538-05ddaa55432c"
"2-s2.0-84979516711","652bb2a0-d160-4d9c-b4d1-2df267817d5e"
"2-s2.0-84979516711","3b3f7130-9583-40cb-a9bf-4b02fd2d7882"
"2-s2.0-84979516711","9ec5a19b-a13c-493f-bfd9-deb7c1e19198"
"2-s2.0-84979516711","43f415ce-d112-4070-aca5-e09b1561148a"
"2-s2.0-84979516711","fee2f707-b9f0-4109-bf4a-3f4eecc73005"
"2-s2.0-85021065218","4d8c6d2c-a727-4399-bca4-359750cc6d1c"
"2-s2.0-85021065218","7eaea204-ec08-4f9e-a62e-fd710d03028e"
"2-s2.0-85028305944","a00d3c90-331a-49c2-aa2d-25fcb9d2d92f"
"2-s2.0-85028305944","f273cb35-27bd-47bf-8029-ef665bf38472"
"2-s2.0-85028305944","6363487a-e0a4-48e7-abf0-2a9b6f6a431c"
"2-s2.0-85014589606","a5eebdbc-766a-4980-9af7-de87ac6402e8"
"2-s2.0-85014589606","a5346670-43ad-40cc-93be-0b3a2498116d"
"2-s2.0-85054463852","dc9bd9f5-c2e2-4112-a3b4-dc1209ec5b5d"
"2-s2.0-85054463852","d3778f5d-d7d0-47b8-b456-ae82edeb5484"
"2-s2.0-85014752613","39a28ecf-1790-4c22-804b-6199150a9a7f"
"2-s2.0-85014752613","f73ac386-d924-446d-bbc1-fedfad3ed823"
"2-s2.0-85014752613","7ae983c9-438e-4642-b73d-d795dd5ba509"
"2-s2.0-84994718341","141dd741-4a4c-4d9f-a09c-087e3f64df95"
"2-s2.0-85075166353","c1fc3a52-fdf1-4a92-970b-f2cee0eef880"
"2-s2.0-85075166353","574a75a9-6461-4abc-8f58-7204f5989ba1"
"2-s2.0-85055352826","d2951e82-4dbb-42db-aacb-4f94041f181a"
"2-s2.0-85055352826","39c15ef3-52b2-4fb1-8925-d9419c26a7b0"
"2-s2.0-85055352826","857bb9ad-5042-49d0-aad2-ff570a52ae24"
"2-s2.0-85055352826","cef7ff98-670f-4e51-9033-cfb4a342386e"
"2-s2.0-85055352826","98a46df7-21fe-4479-ab34-7e9f51838ffb"
"2-s2.0-85055352826","73c3a87d-d65c-447a-a260-a9737bb4fac0"
"2-s2.0-85065498821","5a6492d0-e9b1-46ae-8b3f-51d49c9d316b"
"2-s2.0-85065498821","d3542720-5d4e-48e1-884f-29bcd7a2bb71"
"2-s2.0-85065498821","207f0dfd-1d4d-45ea-8990-1a774a90ca22"
"2-s2.0-85033684988","41405be2-b2f8-48fd-84ad-c46dedb9d147"
"2-s2.0-85033684988","00d29274-f79a-4dae-a16c-c6d28198ab49"
"2-s2.0-85045903329","0c40aab5-1aa1-4b53-a751-d2a770295a5e"
"2-s2.0-85045903329","3bd594c2-fcb8-4a01-b620-0f9e240a09bb"
"2-s2.0-85045903329","ed8540a9-55ea-46fc-9562-59ed867c2043"
"2-s2.0-85045903329","c046fa29-5d05-456c-89f7-d91c4bef92ce"
"2-s2.0-85045903329","1ebcc0ad-51d8-47fc-88c2-9f6f0d95407e"
"2-s2.0-85045952219","58a12b85-445c-427b-bdcd-12b2c80ea5fa"
"2-s2.0-85045952219","e2ed2ed1-d490-44dc-96a7-3932a5b913b0"
"2-s2.0-85045952219","c89988d1-c799-41e2-b821-4bfa0f088216"
"2-s2.0-85045952219","106e6f9a-eeb1-4b46-a068-18d38621c82f"
"2-s2.0-85045952219","0b784446-4319-4c24-a1a5-9ce82bb49427"
"2-s2.0-85028248668","dfca9df4-d5a0-44e6-befd-4b955dcc28c7"
"2-s2.0-85028248668","d186c724-e26d-4a2c-924d-c33dc55f4010"
"2-s2.0-85053668037","2d419df1-8dc6-4fc6-a47a-81a753e88c37"
"2-s2.0-85053668037","520f5ddc-d8eb-4438-bfaf-7efc3386fece"
"2-s2.0-85041619190","ee5cf572-b2f8-42d6-a8fc-b40625844774"
"2-s2.0-85041619190","b3c28208-7e6b-4bec-b9c2-34b3ceaec479"
"2-s2.0-85032023093","6ef37b23-8b40-4cf4-b9fa-bd2d515f1897"
"2-s2.0-85032023093","c879f7d4-a006-4dad-accc-33003388f037"
"2-s2.0-85032023093","6a393eb3-031c-4aa6-96c3-d8e8e61f0b36"
"2-s2.0-85053856369","e1d49e73-92e5-4d82-9a77-f2e8cbfa56ee"
"2-s2.0-85053856369","d650ca7e-e580-4d01-821a-b704cf394b73"
"2-s2.0-85037639863","e234f65e-c4cf-402a-96e2-3d652447a897"
"2-s2.0-85037639863","1cc60080-42a8-4838-ba60-1f96dfdcd57e"
"2-s2.0-85044768089","7302688b-2dd2-436a-aa1b-9105ece8e800"
"2-s2.0-85044768089","0375f821-7d8a-48af-8047-f48a985dd037"
"2-s2.0-85044768089","0d526b9c-9658-448b-a801-235487422e25"
"2-s2.0-85044768089","ba020ce8-68e1-4de0-bade-448830a691b3"
"2-s2.0-85021772737","cdb17913-b3a0-404f-a36d-a96605cc186b"
"2-s2.0-85053529119","a46677a0-4836-4242-8779-2f728c60e2a2"
"2-s2.0-85053529119","1c9c4682-c138-48e3-b6c4-25763f267b73"
"2-s2.0-85027097994","3dedfbb9-4fd9-48cb-8d37-32c0695bb498"
"2-s2.0-85044294782","2d187f71-74c4-4e51-a077-1f140e9db686"
"2-s2.0-85044294782","52bc278a-5617-4a9a-90e2-7ecf2db58a92"
"2-s2.0-85044309943","abfdf7e9-c2e3-4fa3-a648-34f09d2f4bca"
"2-s2.0-85044309943","52209c1f-9b11-43fa-a205-ec740ed94993"
"2-s2.0-85030720831","5927ed1e-5bac-4234-b815-3d12eaaccfca"
"2-s2.0-85053283173","61e22919-fb4f-4f56-b87b-7e9f767bc40e"
"2-s2.0-85054344762","1a877560-ac4a-451e-879d-4fde04d97fba"
"2-s2.0-85054344762","373b8364-b8bf-4c91-8ee9-f654a557eedc"
"2-s2.0-84942570634","96d66eee-2935-4fae-b95f-826a9de23c7b"
"2-s2.0-84957998578","4f816946-c123-4bc7-8adf-bf8e0e0b272f"
"2-s2.0-84924133209","d9554ad2-47a1-4cc2-a3a2-b12dd17bb0cd"
"2-s2.0-84924133209","bd067736-7ae0-411f-ac76-d487761b47dc"
"2-s2.0-84924133209","cf19f5a3-0fce-4020-9912-8fdb45f62cec"
"2-s2.0-84952885235","3288c85d-1169-446c-b658-a30d4e7fe46a"
"2-s2.0-84952885235","b6db76d8-2d56-49e9-971e-7aa20f2d4700"
"2-s2.0-84951336297","447d3502-412d-473c-aa79-de175679d517"
"2-s2.0-84926643180","c013e295-f16d-4d70-abce-53f6318b0632"
"2-s2.0-84885602802","84c742d8-b0f0-4128-905e-ab57147e27d0"
"2-s2.0-84888402460","86ddad44-d4a2-47af-885c-5adfe907565c"
"2-s2.0-84963705379","20968e1d-10c2-421b-8407-e5579b352a1a"
"2-s2.0-84963705379","4b407919-a85d-48f1-a7ff-d11d238cf1d9"
"2-s2.0-84963705379","c50580fd-f721-4d64-b26c-b402d120c926"
"2-s2.0-84932139355","1d4ade4c-3ec1-486d-abc8-03d227fe5742"
"2-s2.0-84940096134","a0e3838b-781b-4ece-8859-088bd9ab1f51"
"2-s2.0-84940096134","bd13c08b-68a7-4a38-bfaa-d64a546f1a55"
"2-s2.0-84940096134","b8da18eb-8ef0-48fc-9202-de3cb02d12f3"
"2-s2.0-84940096134","06e6bf6a-705c-4f90-873e-fd23d63bbf77"
"2-s2.0-84940096134","70e044ed-2817-482e-b55f-ed5f6036a02d"
"2-s2.0-84940096134","bf310227-03e7-40b0-b43d-f3271c9b6ddf"
"2-s2.0-84939248793","29ead8dd-97d9-4a02-b7e9-992a2e13ede2"
"2-s2.0-84939248793","49e3bb98-4d23-4cce-ac11-5b6204ff5c94"
"2-s2.0-84948958232","4b18a276-93d7-4576-a59f-f9198712435f"
"2-s2.0-84944384828","6175c87a-0529-457e-8794-0a56672994c5"
"2-s2.0-84944384828","78f78002-7e73-43a3-b5d9-f43ab2b23833"
"2-s2.0-84882602636","ba897f60-a735-4a63-92d3-aeaa929c5bc9"
"2-s2.0-84882602636","ddae041d-f5ad-4186-aa94-f61aefdeb834"
"2-s2.0-84887217645","0e190b58-9371-442c-aedb-49f8722d9ecb"
"2-s2.0-84958757484","f568c680-0827-4f5e-9c7a-f3f695800599"
"2-s2.0-84958757484","d396085d-2939-4d3c-b2a8-e4273e293f40"
"2-s2.0-84947944527","e34f279d-0437-4394-aa1f-2bc367c26848"
"2-s2.0-84947944527","5e75c836-b860-4532-b665-1a785a744df6"
"2-s2.0-84947944527","74ae4f72-4172-445f-8ddf-f42c037109a6"
"2-s2.0-84947944527","4c46e794-ba14-4762-941a-362296ea5a84"
"2-s2.0-84987657385","6fb66b8d-af1f-4d30-b941-feef2ef08fe3"
"2-s2.0-84954420616","2529ce2e-264a-4e12-8ee3-d04372ddd71c"
"2-s2.0-84954420616","9c50729e-434e-41f6-ae53-c7fa9d755270"
"2-s2.0-84940902884","24f804ad-b898-4563-8903-7f220cdfc11a"
"2-s2.0-84979752242","0d5a05de-959f-4326-887b-44e0be9265b3"
"2-s2.0-84906687740","35f83ef5-4687-4a9b-ab57-483ee58fcc59"
"2-s2.0-84906687740","4d525999-f628-418f-9267-85a193cdba76"
"2-s2.0-84906687740","0b821d66-182e-41d3-ba6b-989c77bacb0a"
"2-s2.0-84906687740","544d4961-8d7d-4efa-9c43-a721ac604baa"
"2-s2.0-84901945307","925ff543-795e-4a0b-883d-8bf8a471985d"
"2-s2.0-84930933045","28c65491-a6b8-41f3-acf5-561bd394ab99"
"2-s2.0-84930933045","122fcee7-5b48-435a-80c8-f0d9b85afe81"
"2-s2.0-84930933045","59933a4d-937f-40a6-92da-e0fd3cb754e2"
"2-s2.0-84930933045","33b9782b-0e1c-47d9-af05-af06c32847b1"
"2-s2.0-84979913023","941b27a0-88ec-4d4e-806a-1f1dd14c9173"
"2-s2.0-84979913023","930d1669-3670-427a-b280-04388fd3af69"
"2-s2.0-84940372528","a8ed06ef-7d30-46ad-ba7d-6259713bbbf3"
"2-s2.0-84973293532","a4ccd26d-e91f-4c2c-84b2-2283902e9cc9"
"2-s2.0-84940839512","dfd9a992-b36b-45f4-abc4-4dbbf6660dbf"
"2-s2.0-84940839512","bf574a68-37e9-4c09-8e74-dc66b9cea8a8"
"2-s2.0-84940839512","4ebe288b-d05b-4573-a2ed-52d61f3943bc"
"2-s2.0-84939258722","30d6da08-b13e-41be-bb9a-765e86270437"
"2-s2.0-84939258722","42620b45-42fe-47bc-ba13-6f2463ace73f"
"2-s2.0-85020318732","1620e4a7-00da-48ca-a102-3029f0fbd712"
"2-s2.0-85020318732","c296db2b-5571-4138-906c-509f3bfebafe"
"2-s2.0-85020318732","2174e3a9-abc1-422d-adca-79a5ba60d343"
"2-s2.0-85020318732","0473ad1b-60fb-4029-b26c-946c78afc9ea"
"2-s2.0-84932099731","2617bbc3-cbc2-478d-9d26-b77647f626b3"
"2-s2.0-84949472145","cf3fcfe9-a922-4d0f-aa01-ab1b39072f58"
"2-s2.0-84949472145","be0a3aef-df07-4dd4-972b-ba8cd2b456e1"
"2-s2.0-84948465589","b5c78928-b806-490e-9928-08906c3ea038"
"2-s2.0-84948465589","898aa9f2-d878-401e-ba81-2113eb04a503"
"2-s2.0-84948465589","cdf77f18-f6e5-48a7-b6e3-ec7f6c94f5e2"
"2-s2.0-84923999814","a3625683-dbef-4abe-aff9-3d1dd8207972"
"2-s2.0-84923999814","6c667721-d632-40f2-a83d-ff6381fb808e"
"2-s2.0-84976524460","c8bc4171-70fd-4e18-b8c6-8640945b119c"
"2-s2.0-84976524460","5fe4b7ac-cf0e-4dbb-a4b1-d874ff6ec574"
"2-s2.0-84951284607","cef91986-7322-4714-8c8a-f4937d8675fd"
"2-s2.0-84951284607","7183f5ee-9f39-459b-8636-3b2cd4763512"
"2-s2.0-84951284607","532637b1-6f84-4597-b21f-0a948d0f0836"
"2-s2.0-84957065589","bdbfc012-23cb-4705-9fb2-091ddc410ca4"
"2-s2.0-84957065589","9fb2b2fc-f59d-4a1a-9026-3a0bbf446e41"
"2-s2.0-84932173755","81264d00-3627-4b96-b426-a286688d28db"
"2-s2.0-84896394540","8f063cab-3ca8-4c43-a178-c041b615d278"
"2-s2.0-84896394540","941b27a0-88ec-4d4e-806a-1f1dd14c9173"
"2-s2.0-84896394540","a64a8035-27e6-460a-be4e-ae3315b20af4"
"2-s2.0-84928739473","b4fe0087-a03a-4673-9b10-e033992b6ae0"
"2-s2.0-84928739473","b02f1b8d-7589-48fc-bb6d-357a447c167c"
"2-s2.0-84938966349","578b36f8-d95f-4d98-9a62-8eb17264148f"
"2-s2.0-84942279069","29e45550-7053-44fe-b1aa-801e21ba17af"
"2-s2.0-84957070301","abca5e62-8fef-4aed-9b27-478a78e94d83"
"2-s2.0-84964057619","29ead8dd-97d9-4a02-b7e9-992a2e13ede2"
"2-s2.0-84885457783","4b38893f-2445-4601-9765-ac07be921fde"
"2-s2.0-84885457783","01dbe1d3-80ea-4383-965a-89671f90ebdf"
"2-s2.0-84885457783","d7676ab5-2969-4d3d-8acd-9b01f3ecac97"
"2-s2.0-84885457783","a42938ff-157e-4181-adf9-4d2218334d37"
"2-s2.0-84976449636","6c6f25ec-bd3b-4d91-87d2-c213d8de09ef"
"2-s2.0-84976449636","5e59cb7c-21e5-45df-a8ea-17da112df026"
"2-s2.0-84976449636","d7d75142-d260-4fe3-8e43-b71cf380a6b0"
"2-s2.0-84902547001","ca36f6ac-33ff-45c3-aded-c89c6c37f457"
"2-s2.0-84890435572","167355c6-9bce-4df9-9bcb-1bafdd131915"
"2-s2.0-84890435572","36ed8efb-db44-4ed1-a946-b6f71131705b"
"2-s2.0-84890435572","bffecc02-9f59-4bcd-8235-3ba7172e50d9"
"2-s2.0-84957083560","921b7371-6d45-4c3b-b8db-5c5467d04881"
"2-s2.0-84939130787","527e6922-bd86-4b20-9f7a-5f8a89da2442"
"2-s2.0-84959461582","4725b276-b1cf-448d-a3a4-73d15015ead1"
"2-s2.0-84959461582","1c3139ef-9f5f-461a-9b04-03189a09b913"
"2-s2.0-84908619466","476fbee2-0e0b-4513-96a7-07d3b62d2d39"
"2-s2.0-84908619466","6aa8fb92-2f4e-4f22-a6d5-df6e1a63b1df"
"2-s2.0-84908619466","caa25f70-2993-4fcb-9376-cad4faf2f1ba"
"2-s2.0-85008386248","b611c4ae-465b-4558-baba-ef935d082fa3"
"2-s2.0-85008386248","e1e5643e-d42f-479e-8d0d-983b8adecec1"
"2-s2.0-84888336724","c0853be4-6324-4bae-909e-46f68c25a303"
"2-s2.0-84888336724","671b1708-dfb3-4d97-8055-dc50a9d9fbff"
"2-s2.0-84888336724","3c110bbb-8381-4b0c-bc57-d0609983f214"
"2-s2.0-84907571430","714a90f7-ab8d-4e96-a60a-80638c0f730d"
"2-s2.0-84907571430","110bc397-5a6f-4921-b85c-50dcb33ec0c5"
"2-s2.0-84907571430","d215f20b-9b3b-48ed-8806-929fec59d9c9"
"2-s2.0-84907571430","9b293a33-a152-453b-a3ea-e264d2d4c9eb"
"2-s2.0-84979947918","4760b44b-f665-4cc2-8dea-24513fc5528f"
"2-s2.0-84979947918","ba2b876e-9de5-44e0-aa55-e0250d8946a6"
"2-s2.0-84979947918","fb235a26-b21e-48c5-8867-8ea57c8f0a9e"
"2-s2.0-84896849261","e9fe96db-ac99-47af-bcee-d505d50e1574"
"2-s2.0-84896849261","be59d8ac-4bb4-4837-b92e-b71a0cd93a59"
"2-s2.0-84956908664","0bdd7564-46f8-49c4-a904-f8de8a837037"
"2-s2.0-84956908664","96b0d600-291a-426b-9a64-75edb0b692ed"
"2-s2.0-84908223594","cd8ed2c6-48a6-4fac-8be4-9010475f229a"
"2-s2.0-84908223594","82c9e25c-7280-49a6-b3de-3e95e814431c"
"2-s2.0-84940765972","940f345e-3162-44e0-ac2d-3400890e0c78"
"2-s2.0-84940765972","a08f171f-8613-46eb-8c16-bddafe960f8e"
"2-s2.0-85027917290","9403211e-a169-4e93-82d5-17e60e7c4456"
"2-s2.0-85027917290","361f23c9-738f-421d-ac05-01da977643eb"
"2-s2.0-85027917290","5658df32-ba2f-41b1-acac-dffa9d14056b"
"2-s2.0-84892751577","98fbdd4e-eef6-4fdd-970d-4679f024f284"
"2-s2.0-84936936770","bdbfc012-23cb-4705-9fb2-091ddc410ca4"
"2-s2.0-84936936770","9fb2b2fc-f59d-4a1a-9026-3a0bbf446e41"
"2-s2.0-84883712497","39166fde-ea41-4b8d-ae6f-c0f6e223a765"
"2-s2.0-84960482019","9d7e5beb-d93b-4d70-bdc0-21f57ab68719"
"2-s2.0-84911488448","f44ddd3b-6b58-4b76-b555-65894ad21a77"
"2-s2.0-84911488448","536e6b4f-21b6-4a09-9bf1-352200f61054"
"2-s2.0-85019155003","5bccb8e9-e00b-42cf-88cd-45873eff2f70"
"2-s2.0-84897476485","c6454af2-d099-4052-9d0d-13ec67dccff8"
"2-s2.0-84897476485","73df9ee4-11f1-4c58-bbdd-fb1f5c3f3855"
"2-s2.0-84897476485","0afcef2d-6b5b-4163-b152-aa7e940b5013"
"2-s2.0-84897476485","03d651aa-20eb-40d1-a4d0-454a50b51bf8"
"2-s2.0-84897476485","a169972f-8223-4515-b113-84b05e21b5e1"
"2-s2.0-84897476485","fe5f07b0-fcb4-4aab-9aec-691c253f6748"
"2-s2.0-84979729299","a2855927-435a-49f1-abbb-3e71b821c405"
"2-s2.0-84945977356","6a46cbf4-2fce-420b-b627-6042e5b4ca40"
"2-s2.0-84945977356","a637c8a2-1987-4087-960c-4bd29c9bb8c6"
"2-s2.0-84945977356","3d76def3-0794-4b92-ba85-ff88881c8b5b"
"2-s2.0-84919363688","e0912ae1-ed53-4453-9ce7-3d719780b441"
"2-s2.0-84956632805","450af0ec-70a9-4d17-8f59-45877d7dd88f"
"2-s2.0-84940024286","82b0aa12-2c7b-4350-8a98-88d8032c9945"
"2-s2.0-84940024286","d73dc60c-8844-42f9-be21-2ad18212b19a"
"2-s2.0-80053187534","b6fa8ef9-4b43-4b9d-a126-047ac35ff750"
"2-s2.0-84864314923","20821e95-1a9f-49bf-b7b4-2a1f146f6a3c"
"2-s2.0-80053224124","f625c092-2923-46a1-bea9-270a703c7694"
"2-s2.0-80053224124","c1c3491b-ba9b-40ed-884a-53930c91ef75"
"2-s2.0-84859445326","9babecbc-8c5f-4a60-af32-f16e0e3345cc"
"2-s2.0-84859445326","8a1d1ea2-5291-482c-9459-c8ac78182b4c"
"2-s2.0-84859445326","ffcc4fb1-3d6f-4ce0-bce8-ca140fb80606"
"2-s2.0-84859445326","a0980487-8ef1-4166-976a-6b690751ad45"
"2-s2.0-84859445326","08e86ff3-9803-403d-889c-1cd3f3bf0df3"
"2-s2.0-84859445326","1af6cd51-58fc-4c1f-bb2b-3dfe87a93fda"
"2-s2.0-84859445326","9e00198a-d732-4e04-92c4-2fa0769bbb67"
"2-s2.0-84859445201","0c773a82-70c2-4ed3-957f-b97a35cd0384"
"2-s2.0-84875413887","4602ee9b-824c-4bd0-85f1-61102d174590"
"2-s2.0-84863444888","bda45da6-cd22-452b-afbb-7db440d69667"
"2-s2.0-84863444888","0de99d12-dfc7-49d5-9ecb-4b44cbcc0867"
"2-s2.0-84863444888","72e43cc3-a3ec-4b50-9400-f2926acfb5df"
"2-s2.0-79957727184","fcf1b497-e7ce-40c5-bdd4-02d50d0ef480"
"2-s2.0-79957727184","2cfc7dae-e9af-411d-b6d9-7f21c577d4be"
"2-s2.0-84879021178","293cc39e-ba8d-499e-abdb-0ceb1ee1c30d"
"2-s2.0-84875206771","81f1c134-b6dd-40d2-b04a-f143ab3a1f18"
"2-s2.0-84875206771","54736632-583f-411c-a567-1a43253b0dff"
"2-s2.0-84875206771","d4aa4ffe-a4c0-481e-916f-24b873804500"
"2-s2.0-84857030497","76b0b631-7483-48c8-bb0b-b4c71fa74ff8"
"2-s2.0-84857030497","94d711dc-6319-4689-84c6-2e25d3899905"
"2-s2.0-84857030497","c3232cd3-bd7d-42f9-9f2d-b6da59e19767"
"2-s2.0-84866909315","8516523a-02c5-4dea-a3e4-a9a43bafcc30"
"2-s2.0-84866909315","6f6b9814-4d80-4e34-bec2-ef632095622c"
"2-s2.0-84866909315","907c00c6-2347-405d-876b-ceb11cab1211"
"2-s2.0-84866909315","ababf382-6ba1-4829-831a-681640eb731e"
"2-s2.0-79956152582","4defa73f-ab9d-40b8-a625-333a34e5d61d"
"2-s2.0-79956152582","ba708d59-c656-45ed-a0c7-1e1ba734b6c6"
"2-s2.0-78651227095","503d420d-e05d-495e-ae94-7a6915444d94"
"2-s2.0-84873079192","d5af14c4-a7bd-4a69-954e-22a5c576a6f7"
"2-s2.0-84873079192","233a7c26-6ea3-4454-a608-cd9ad5edb4a9"
"2-s2.0-84873079192","79d14902-7f5f-4ca3-a395-fe8e78df0302"
"2-s2.0-84873079192","5ca7c210-72d4-49f4-80dc-4462f2edadf9"
"2-s2.0-79956348934","fcd77788-876e-4e95-b752-a8a3bdfd9515"
"2-s2.0-79960561019","58af07b7-fa57-4ee2-a121-bee566a138d7"
"2-s2.0-79960561019","f7767d69-5d14-49d0-b034-76693294e8d1"
"2-s2.0-79952225953","05df779d-d452-4deb-87cf-681f89ca1507"
"2-s2.0-77955546969","700da3a4-752a-435a-ba6e-2c48a1d92585"
"2-s2.0-77955546969","21efc5fe-0273-41a2-b553-76887ea535ed"
"2-s2.0-77955546969","0dca9468-f028-4a01-b5a7-db0df2e4e2bd"
"2-s2.0-84881153451","02ca9f78-f568-4abc-a0f4-9ce1cee20209"
"2-s2.0-84881153451","a0821008-29fb-4fe0-8d61-94a4d9f78b2b"
"2-s2.0-84881153451","ca5d18e8-e7df-4553-9975-6512223291dd"
"2-s2.0-84867498808","548a3d28-fe18-4c09-a0f7-c4d6dc790cba"
"2-s2.0-84885082353","00f13f76-636d-4c9e-90d2-b7ec153a588a"
"2-s2.0-84862759209","e68b5463-4a12-47be-a99c-d8be0ec3ff38"
"2-s2.0-77955944983","68ab7866-46a2-4b86-9496-97ef3776057c"
"2-s2.0-77955944983","b87189f3-33ec-4c64-9718-b061fcc60497"
"2-s2.0-77955944983","9a71cdde-9dd9-43e4-8cc4-37c9ea86f077"
"2-s2.0-84878751197","dca8672f-a117-436e-aac1-c2864359f0ae"
"2-s2.0-84878751197","b8edb9cb-d574-43cf-8512-e83b238943d9"
"2-s2.0-77953127901","e250bcac-4ea3-4dc6-8bac-5175a3e27651"
"2-s2.0-77953127901","cdff0623-6a9d-4b4b-b78f-71995c305ff5"
"2-s2.0-84856565394","db619d16-8f90-4f3d-bfb6-7f6ab1646aac"
"2-s2.0-78650382320","56aa726e-befc-4fd0-84e4-14a52e2d7dac"
"2-s2.0-77949839764","cdd2a58f-3aa3-492b-8121-c06eb41bf6dd"
"2-s2.0-78650022517","fb80dfb5-7ef2-4a49-85fd-e3666cd05e88"
"2-s2.0-84876283636","9115eda7-0c5b-4d00-887d-5e69e4032caa"
"2-s2.0-84876283636","5686449b-f56d-413a-be29-92d1a0b36c69"
"2-s2.0-84873499842","9a9496d6-56dd-4f0c-9e54-7ed9080c891a"
"2-s2.0-84873499842","8e963266-4fcf-4c30-9faf-64768d6292ff"
"2-s2.0-84881058369","7f823aa4-8bdc-4c46-b0d5-44cb26d2b5a6"
"2-s2.0-84881058369","e8af18d2-5e4d-4da0-aacd-e72629d91d23"
"2-s2.0-84867094213","97af758b-c17c-47ba-8f93-7800a1e6d107"
"2-s2.0-77956057945","a0325b77-8b71-4208-9c30-901b0cc3ad3e"
"2-s2.0-77956057945","4a13912f-0813-46a9-86df-e12f851c96f4"
"2-s2.0-84879711254","84de8215-8860-4efd-91de-b9493e87e892"
"2-s2.0-84879711254","9c4e2e18-0591-450c-a764-a228a80a1aaa"
"2-s2.0-84879711254","869164b2-ed6b-43b3-a25d-8ec61de31d13"
"2-s2.0-84879253787","29ead8dd-97d9-4a02-b7e9-992a2e13ede2"
"2-s2.0-84865222020","a6635a51-e882-4575-b194-a4e85d1e06b3"
"2-s2.0-80053456440","1740b0d1-3d17-419f-9713-8a4784b01b64"
"2-s2.0-80053456440","0d325848-f448-4cce-8d85-2f51adc76251"
"2-s2.0-80053456440","3869e4ab-6ebf-484f-b725-db1c2a3b725d"
"2-s2.0-84861569722","8481bdbb-bb51-408f-a066-ac053935ad47"
"2-s2.0-84861569722","1af85812-f5b9-4b6a-b6bd-5bc4d5427981"
"2-s2.0-80053545553","8f405558-85cc-4d3d-827d-c4466baf6d80"
"2-s2.0-80053545553","89d1c42c-f187-4c2f-b3ea-57ef87fd9bbc"
"2-s2.0-84866937279","c84da838-3c6d-4c2d-8dbd-f2b104690a10"
"2-s2.0-84875581937","18f38af7-1e4b-41f5-a0ab-ba9989589548"
"2-s2.0-84875581937","a040595a-fc33-411b-a7b6-6cdcac8e46e2"
"2-s2.0-84875581937","57425ed9-bd5f-44cb-b8bd-17426e25a521"
"2-s2.0-84875581937","67c8bae6-305a-40aa-b7ea-0ec88c6e8fb1"
"2-s2.0-84870004519","c697be7d-f4ac-429b-84a2-56e6fa6915a9"
"2-s2.0-84870004519","ba6fa672-f986-4d56-9b4f-7b031020fa89"
"2-s2.0-84870004519","4aaa86d6-ef4d-4620-8e52-44b9c02fcab3"
"2-s2.0-84870004519","bd20a56c-b417-441e-9d3b-5b7eb4417c70"
"2-s2.0-84870004519","91f6b174-d2f6-43c5-907b-9f88404c942f"
"2-s2.0-84870004519","dd8de414-e28d-49a8-950b-c1ab9dc1214d"
"2-s2.0-84870004519","1d7c70de-43ba-4cc1-bc74-71a8a250d968"
"2-s2.0-84870004519","4e43f3c1-82f8-4c03-9498-5f9555358d2a"
"2-s2.0-84870004519","ca24a9e3-9d3c-46a7-a482-c858dac848f3"
"2-s2.0-84862504058","1cd0cb25-ede8-4a5a-861e-cb38c7816724"
"2-s2.0-84859037265","a3d605ad-f37f-4bf0-ad44-ac17b5f9031e"
"2-s2.0-77954502564","2a644d10-fe44-4598-8508-522da8b42335"
"2-s2.0-77954502564","7c59b7ba-b16d-4e06-9a60-5e37bd7bc015"
"2-s2.0-77954502564","9c16af53-b68c-48eb-810e-4bab94baeba1"
"2-s2.0-77954502564","32474bdf-2bfc-46b3-8bbc-f5a3702b01f3"
"2-s2.0-77954502564","dc4d600a-ad86-47e7-8d5d-6871e7889e0d"
"2-s2.0-77954502564","7861525a-ae24-4d38-89db-33c365537984"
"2-s2.0-80053076847","ffaad805-ac91-4231-a639-9f0fff8bfc84"
"2-s2.0-80053076847","23b40197-5f7b-4db9-8601-63fc30fff9d4"
"2-s2.0-80053076847","e2351614-c37a-4576-a36e-8f4124e80caa"
"2-s2.0-84875876155","4f0805ec-c83e-410a-9b06-15f46efed04a"
"2-s2.0-84875876155","09aaf026-c71e-436f-9fb6-916b1087c934"
"2-s2.0-84875876155","d5243bd2-ce56-4cf2-b8b4-c9229bf664d2"
"2-s2.0-84875876155","ceec2135-f903-4e38-b858-f68743c5a02b"
"2-s2.0-84863695834","30f2522a-7b0b-4910-9530-e3a99e31efb5"
"2-s2.0-84871417305","a91c605b-cf38-4efb-a2e2-c3a7f28f4618"
"2-s2.0-84871417305","2395a5c1-89c5-4619-b952-b4e519c01951"
"2-s2.0-84871417305","aed47bcd-24eb-407e-a4bd-0b4f226b72c6"
"2-s2.0-84860182370","e8e77870-8ad5-456e-b051-f089fad6cfa7"
"2-s2.0-84873994362","e8bc6449-b0ff-4ee2-a361-da53cc01da6b"
"2-s2.0-84873994362","707b2f0f-78a1-4503-b421-088a8734ba53"
"2-s2.0-84873994362","b3e9eebb-2ab4-465a-8226-2b0c281ec753"
"2-s2.0-84873994362","54c5cfe5-e0b1-4d8e-9645-faaa1fd7b3b8"
"2-s2.0-84873994362","2bb5b376-3ee1-495e-a20c-60637fda40f4"
"2-s2.0-84873994362","19edbd91-1d2b-45b5-8975-f22b54086f41"
"2-s2.0-84873994362","531ef290-062f-415e-90c0-bcc275acf936"
"2-s2.0-84873994362","42fb1307-c9d8-4a76-aef3-0864821f77a0"
"2-s2.0-84873994362","bed82a38-fdb9-405a-86f8-6167512b6e55"
"2-s2.0-84873994362","05d13742-7f4c-4ebd-9d5c-7211fbc10009"
"2-s2.0-84873994362","b6094d86-5e3a-40fa-be86-49b2a114dc59"
"2-s2.0-84873994362","55597d4b-492a-4471-aadb-2aeeff574939"
"2-s2.0-84873994362","82321596-554b-428d-8c9f-a1adc3ebd957"
"2-s2.0-84873994362","54439b4f-2952-4cc5-82a3-89ea8e348b71"
"2-s2.0-84873994362","68ba7c0b-d9d6-4a84-a2cf-b54cf4ef955e"
"2-s2.0-84873994362","744de93c-17b1-45bf-ad71-978dc880555b"
"2-s2.0-84873994362","b211639d-3f87-4120-b13b-abbc7df7f631"
"2-s2.0-84873994362","f60cec55-cd05-44e3-ac0d-262eb5bd396d"
"2-s2.0-84873994362","787fade4-e214-41f5-bb05-fccd47089f48"
"2-s2.0-84873994362","86c9432b-152a-494f-9752-185f4583cffc"
"2-s2.0-84873994362","4c8cc7c3-a80f-4de0-84d1-ba914e7e1b5e"
"2-s2.0-84873994362","fc3aba23-591a-4f14-83bc-6bb14b525eba"
"2-s2.0-84873994362","5a32264c-8772-477c-8a3c-784dcc4b9cac"
"2-s2.0-84873994362","592ee013-a342-4b55-b2b6-ab897634b4ab"
"2-s2.0-84873994362","7166a983-005b-431f-b2f6-5fe2627d7cae"
"2-s2.0-84873994362","755095cf-70ee-431a-84ec-f328202ce65b"
"2-s2.0-84873994362","0097f7a3-638b-4a82-a09f-f1024eeec660"
"2-s2.0-84873994362","d101a9ec-b2ea-480d-8b4e-8599bb799cdc"
"2-s2.0-84873994362","3b4b7413-0bac-4d71-a82d-321de6759c09"
"2-s2.0-84873994362","ad96b75d-cc7c-43d1-9eef-0caca8fab0eb"
"2-s2.0-84866451835","ba708d59-c656-45ed-a0c7-1e1ba734b6c6"
"2-s2.0-77954050781","42619f34-db83-44bd-9b8e-fdad39599351"
"2-s2.0-84855445273","1f7efd1b-a1d8-4a3f-b232-7e7bec7815fe"
"2-s2.0-84855445273","0df8212b-4f6f-40f3-b36a-66084d5fccd3"
"2-s2.0-84855445273","db2e044b-4a77-4eda-b8dd-961d77ed0ab0"
"2-s2.0-84855445273","d5f8b229-8174-4d07-8ce3-ed01a2ec3637"
"2-s2.0-84855445273","4f1bec31-5330-4d8c-b94c-d95a2303b4bf"
"2-s2.0-84855445273","92dc7d69-6ff6-407d-9004-bd3a907f5749"
"2-s2.0-77956095809","d413e719-bb04-4bff-ab66-55fdc886e463"
"2-s2.0-77956095809","76dd7477-7972-4c40-9346-2ee90a95065e"
"2-s2.0-77956095809","487139cd-7bf2-42bb-9862-1de7cb5471c4"
"2-s2.0-79952406769","5d0c82d7-5e6c-43bd-804b-a6f4796f20dd"
"2-s2.0-78650238192","ff06ffc2-40a9-4cd9-a21b-576ee12e3f9d"
"2-s2.0-77954670214","e972dc64-d108-4d3d-85f7-8483ea0f309d"
"2-s2.0-73449123051","15374228-7f49-4d79-9ab8-566926a8d413"
"2-s2.0-59949098600","633c2681-f4d9-4600-be52-8cd07443a6bc"
"2-s2.0-41249087769","ef3ae677-ab3e-491c-8bcb-d177efcd59c0"
"2-s2.0-41249087769","0b05f42d-8bac-415f-bd97-f1e24d88f606"
"2-s2.0-41249087769","2b28b76a-47bd-419f-9d93-2578f5980659"
"2-s2.0-1842683936","454b808d-3ed3-4084-83d4-d7096df33f24"
"2-s2.0-72249084509","fe52d8a6-2387-4229-a0af-d26bac001823"
"2-s2.0-29144433462","e5cfdc11-ce0a-4d58-b824-cec44795e3b9"
"2-s2.0-67949093021","fa801032-2249-4acd-8211-71e294cbba67"
"2-s2.0-67949093021","7a6483a3-28ba-4170-af1e-510526bdf342"
"2-s2.0-40849100222","098f830a-bca2-484a-bf13-715e9541c8ee"
"2-s2.0-40849100222","55acede9-d432-47d3-9333-f447f342c2a3"
"2-s2.0-40849100222","f85d5f5c-eec5-4112-bd51-60cba7e71577"
"2-s2.0-40849100222","1430dbe7-6e07-4894-886f-deaf92e0ddb8"
"2-s2.0-21044444792","1e9f6e11-5d2b-46bf-bbb3-8fc3afc46797"
"2-s2.0-7244229800","0e925a83-4a73-4b1c-b87b-8399fe6d3b39"
"2-s2.0-7244229800","d35cefea-d4cc-4e9a-8bf2-faea28af5b5f"
"2-s2.0-74249096225","07d08802-ee89-4bf0-abf8-597a493e8a83"
"2-s2.0-74249096225","f54f0153-90a4-4755-99ff-da17f7569c09"
"2-s2.0-74249096225","e2858cec-d2f2-4bf6-b33c-065adeba2a95"
"2-s2.0-33646104921","f2978332-770c-4153-aef1-330a87fe45b3"
"2-s2.0-73849103557","b7726f5d-2d9e-4b22-b86b-6770ff5aa48c"
"2-s2.0-73849103557","047662c0-fe06-49de-aa08-fe4e01bbb8fc"
"2-s2.0-70349947243","b1ac930d-1715-4be8-89c2-f7682e8afe17"
"2-s2.0-70349947243","46421abd-459c-4708-a7c3-3482805a5d4c"
"2-s2.0-70349947243","829ef37a-3182-4266-ac07-0208732bd835"
"2-s2.0-84989220702","8eef7430-123a-4eaa-8d18-7e55015de25b"
"2-s2.0-84989220702","ff506d6d-1d6c-4b74-a078-4e1c4e744adc"
"2-s2.0-33748882448","2f738a6b-1d9a-4531-a588-9e081a0edc6b"
"2-s2.0-56949093520","741380fa-d321-4901-b4b7-6b85b2f34399"
"2-s2.0-71049173352","91e70d54-0d1c-43fa-8039-c53c0d85fefe"
"2-s2.0-71049173352","d9466862-5678-457c-8435-ea485ae768d2"
"2-s2.0-71049173352","50756c39-dc57-4d4e-8cb7-e70f731ec93c"
"2-s2.0-71049173352","bc843109-7d75-43e9-8d99-7f89e61eb8ce"
"2-s2.0-71049173352","a3d8e942-692a-4bec-b3b9-4608611819af"
"2-s2.0-77958022833","d71775cd-f3ae-4f15-a286-251e0a54a3be"
"2-s2.0-33748665250","66bb177a-54ac-4a39-b51b-de2f0249bd14"
"2-s2.0-33748665250","b5b3a5bd-37b6-48d5-badd-ccaed636e680"
"2-s2.0-29844454548","aa21fd8d-2844-4798-8311-b23523fdc78b"
"2-s2.0-29844454548","4d566b88-4df0-4d63-97aa-4cfdff6a8b7a"
"2-s2.0-59949103836","40d4804f-caf0-4177-b73f-c25d579dc583"
"2-s2.0-45849099406","ab1193dc-f707-4b9b-be2a-26fd7711c70f"
"2-s2.0-40449143078","1dcdb64b-ea0a-4e9a-b56e-d2cfcff018f4"
"2-s2.0-11244343928","11376219-e483-4074-8fc9-4dfc463c0359"
"2-s2.0-11244343928","3e48618d-9b13-4ebf-8d26-6ec7c3207529"
"2-s2.0-70349952435","05009ee0-f1c4-42c4-81d8-dcb306806e55"
"2-s2.0-70349952435","6db69fad-4173-4cf2-bb4e-8c2735024233"
"2-s2.0-70349952435","621ea9f3-e221-4eb5-99b8-65ffedbd15bd"
"2-s2.0-70349952435","38647c48-829a-4945-a537-8ab23f0cea75"
"2-s2.0-33749031305","ac4f92d5-7510-4d04-8020-102ff5396c72"
"2-s2.0-33749031305","d953f09e-e570-436e-aeca-315b16d925da"
"2-s2.0-77149160649","dfb9fb3f-7a84-459a-972f-2d08282a75d3"
"2-s2.0-78049434008","342b40e3-552b-439c-ac57-373c55b618a1"
"2-s2.0-78049434008","758efac4-722b-416d-9442-dc1874d53465"
"2-s2.0-34948853234","2fcfcc2f-5a04-4efd-a253-6575524233b1"
"2-s2.0-40549093604","4b113bf8-7243-4ca8-9a60-733ee3d8b071"
"2-s2.0-77950534451","00fcc583-6b70-45e7-a3ab-bec6830e9491"
"2-s2.0-34250708057","063d26c6-9159-40a9-a9d6-e18e2450cf10"
"2-s2.0-39449120718","7f42f268-b5e7-437e-8ac5-c7b3d0678776"
"2-s2.0-0037284740","bb1b9281-9787-44d2-9a93-c7cfea0ea9e3"
"2-s2.0-0037284740","4d802700-305c-40e0-927f-b4541f2a0a99"
"2-s2.0-77954484542","3ce8bac6-8299-47ef-8fa6-3ab9d98c6d55"
"2-s2.0-34548496881","676a6425-7e0f-49c9-850f-73e4c28dd300"
"2-s2.0-7944227786","c33bf3ca-922c-467d-8c42-54ce554c6cb6"
"2-s2.0-65249145967","eb210d3d-909e-4af1-927b-97ad3897680d"
"2-s2.0-50549088031","308b475e-2b93-4183-8b12-f59c0db8f3c9"
"2-s2.0-69249240207","ca38de26-7b2d-414e-8d94-a0454ed4d110"
"2-s2.0-69249240207","ba8b18d6-d359-4e67-8151-38f03e975405"
"2-s2.0-68949220410","264d046c-cfec-48ad-a757-9ddd04a018b9"
"2-s2.0-68949213207","7ec2532c-378a-4bde-b27b-2bf17fe7be06"
"2-s2.0-0344100107","28e4e541-389f-42fa-92a3-c376f5d6d0f7"
"2-s2.0-0344100107","89d8b684-2b68-4b0b-bb7e-6c35f29bf1e0"
"2-s2.0-33646229520","9ca0f0a6-b5fd-47b1-bd10-9419b5509ce8"
"2-s2.0-33646229520","a1128f79-9de8-46d7-8b1e-5227ec4417de"
"2-s2.0-37049039676","ab40d8e8-a78b-40df-bef8-dbe8b79dda38"
"2-s2.0-37049039676","f22036d7-588d-4f7a-9a07-b26a34f0c39f"
"2-s2.0-24944534016","78d9f5e5-2e25-4fb7-9b6a-b57c5bea964e"
"2-s2.0-24944534016","3503a5cf-6bcc-4a93-970b-e2a54c67ffb4"
"2-s2.0-34250380240","936f0220-c1ff-42f7-905c-6e900d8c748f"
"2-s2.0-75449113475","90300e7e-af81-429a-8359-62ee86ba7ad9"
"2-s2.0-75449113475","a226f12a-90a1-47e8-9e9f-ab164fb82b72"
"2-s2.0-75449113475","de35ebe6-0553-423b-a202-4bb7fc4e6b64"
"2-s2.0-43749122356","197f8be7-1390-4abe-bb76-7a07c4982691"
"2-s2.0-43749122356","d9f6eadc-4852-45c3-bbd7-2d8b6d20afbc"
"2-s2.0-84996505783","58229007-44f0-434c-9a27-29b0af06283f"
"2-s2.0-84996505783","4e04904a-8220-408f-8b1b-e84d1b939537"
"2-s2.0-33646718419","e446fe59-39ba-49f4-9688-ae2ca278ad13"
"2-s2.0-1942502879","f52d7b56-1a62-4c96-81b1-26c9d21c02a5"
"2-s2.0-1942502879","9ab698c1-fa7f-4319-8e2a-411dfd22b411"
"2-s2.0-67649968808","69e0476f-963f-4d1e-b8ac-8462876d0149"
"2-s2.0-33846117747","b7142dcf-3d62-4b73-be81-8eeaab654258"
"2-s2.0-4344678918","e3aea4d1-85fe-4640-b548-3a995a575f99"
"2-s2.0-4344678918","47e88d5d-6522-461b-85e6-2677706de4e3"
"2-s2.0-10144253726","5116dab5-ea81-4d1b-ba4f-3b240149a996"
"2-s2.0-58049128906","a5b34abc-574b-4b29-aed9-369dc582af89"
"2-s2.0-58049128906","911eb717-dcfa-4821-b3c8-7ad19cd0db3c"
"2-s2.0-73949093671","ba708d59-c656-45ed-a0c7-1e1ba734b6c6"
"2-s2.0-49649086372","4104779b-d216-4eb7-b28c-d68f621dd0c9"
"2-s2.0-49649086372","7193ae4a-c47e-4320-bfa6-30ce741ef03a"
"2-s2.0-49649086372","da34f47c-49c5-491f-a8a1-41b6687346c3"
"2-s2.0-42149092987","69958b17-4eaf-4104-adb9-026b247a9856"
"2-s2.0-42149092987","277b3d86-a44a-4792-97d0-e1ed246fbb63"
"2-s2.0-42149092987","f51e3095-d5d2-4d93-9d6a-2dc6f539aff6"
"2-s2.0-42149092987","7877b700-2692-4f59-ba93-813796c512e1"
"2-s2.0-37849010046","5df9b7e7-6c01-4b62-9941-a6c6e48295c6"
"2-s2.0-70349138104","f54f0153-90a4-4755-99ff-da17f7569c09"
"2-s2.0-70349138104","fe0480af-bc58-42bc-8c94-17edb967ec94"
"2-s2.0-70349138104","07d08802-ee89-4bf0-abf8-597a493e8a83"
"2-s2.0-70349138104","04f8e41a-53c6-4bf5-94a5-f659e1fbc8fa"
"2-s2.0-66149171357","7f5147e6-5910-4467-999d-5bd14c9ee935"
"2-s2.0-66149171357","a0d5216f-87e3-4eae-8018-6ad0a6976b92"
"2-s2.0-66149171357","9ce1c161-4128-452d-a3ef-33c1f5530757"
"2-s2.0-53249122104","ba183d6b-b6f5-4a03-b502-ec8ac84962c1"
"2-s2.0-70349668949","b2786359-5744-49b1-9a95-83bca4dd717a"
"2-s2.0-64949112719","db58e2a9-b161-4566-8660-7a0c7e41bbdc"
"2-s2.0-27544478127","b872257f-1b8f-480c-932b-a0688f8b81ec"
"2-s2.0-27544478127","07959aec-05ef-4204-b7b5-4c6789ae8064"
"2-s2.0-0031924353","9a8cac40-338d-43ed-8a62-480e5977d3fa"
"2-s2.0-0031924353","0c3eff23-bde2-43ac-85a2-f0fa1daa9762"
"2-s2.0-0036120199","2ea8a227-4d2c-48ef-ae61-fc008b58cf4f"
"2-s2.0-0030435248","c0da74e4-bde1-41ce-9dd6-0e02242ac949"
"2-s2.0-0030435248","51983bc8-817d-450c-aa2e-15e768406421"
"2-s2.0-0032401891","6662dcb8-64a0-44c8-b7c7-5a7bf3cbad02"
"2-s2.0-0032401891","37be45c9-9bb7-45d8-b09a-f84822b2c5c1"
"2-s2.0-0036642460","16d566c0-acf9-4f09-9b3e-7e9f8ebc1952"
"2-s2.0-0036642460","4c1ce860-c449-4968-9457-175288c1f01a"
"2-s2.0-0036642460","e056a846-4d49-42c2-be57-310d8163a166"
"2-s2.0-0033515191","f6a49aa6-fc34-4e33-b0e1-dc95cd3c4e1b"
"2-s2.0-0033515191","1f964453-6446-4430-bcee-bdbedcf8d72e"
"2-s2.0-0346312299","d58e25a9-c432-4355-8f56-6a365ea93e1f"
"2-s2.0-0346312299","3a77cee6-853e-45e4-8868-41d3a0511620"
"2-s2.0-0028794779","4718a98b-d246-4226-9e5c-2db8c6fe207c"
"2-s2.0-0031827855","d239af17-e111-442c-8333-68ed3055c319"
"2-s2.0-0031827855","533bc5a6-29bb-44c5-a774-1b54210dac4a"
"2-s2.0-0344991691","61008f29-63f4-44d7-92af-ec04170a5b47"
"2-s2.0-0032865308","773fc59b-f568-436a-ae1b-ca08c6555fd2"
"2-s2.0-5344229374","bd00f6a6-3465-40c2-b271-21b8d6b0a06c"
"2-s2.0-0032894814","b177a91b-0744-4015-9936-98edcbdec638"
"2-s2.0-0025675186","84e60af0-3759-472a-8369-18c3e4b294fd"
"2-s2.0-0000235611","1a705787-8d27-4dba-94fa-4870706fb807"
"2-s2.0-0000235611","0c4756f7-8491-4ff7-a8e2-c4eb748bd766"
"2-s2.0-85057411663","24854daf-b0f9-4a97-8b15-d717ce22fd82"
"2-s2.0-0032416572","05aa3378-73e3-40a2-9e04-f2d6e089b913"
"2-s2.0-0032928507","f59096fb-cdb3-46b1-9c6f-da5fbe11f83b"
"2-s2.0-0032445697","424da025-6334-4a74-b8de-4aebef4cc1ed"
"2-s2.0-0026122594","7d8c6061-b902-4d32-aa07-8cd670574b61"
"2-s2.0-0026122594","dc659efb-e562-4318-8777-30f6915cdb77"
"2-s2.0-0142196607","9ad52b59-f2df-47af-8cbe-c2f2d52ae884"
"2-s2.0-0142196607","a4f908e5-fef0-41c6-bfa6-5117228fdc34"
"2-s2.0-6844224534","647871f1-da2b-4880-afec-83967ccc99cc"
"2-s2.0-0036844359","01b2d890-741f-41d9-b780-9af1a77f5c9e"
"2-s2.0-0036844359","309382ac-ff2a-4ab7-ad00-a7a9a9ad5270"
"2-s2.0-0033512742","d0545b68-0d29-47e7-91f5-43f2bf2bd891"
"2-s2.0-0031436236","37143456-29d2-4801-86ca-e3b303715ac1"
"2-s2.0-0026788434","1a705787-8d27-4dba-94fa-4870706fb807"
"2-s2.0-0026788434","a305a188-e8b0-46d2-982b-3c4292e04d01"
"2-s2.0-0036806968","5690a5a9-5b5a-4093-85e4-693d5766686d"
"2-s2.0-0036769833","af620895-92d4-4a91-bae9-a18f6a690c30"
"2-s2.0-0032446098","01fa0410-6b8e-401b-9dfd-d6cab58fd519"
"2-s2.0-0032446098","4cf26ac3-9724-4c3c-8c0e-297b4e4ba86e"
"2-s2.0-0032446098","b62fadb8-c5e4-48b1-80e4-e7449d0bea1f"
"2-s2.0-0032812246","fc707a6b-aab9-4052-ae96-a50b57ff72e5"
"2-s2.0-0031390774","ee67eb36-232a-4f79-8ed3-9bab0e95f854"
"2-s2.0-0030811343","ff40ea40-2562-4a88-848a-5b78d6aecf5e"
"2-s2.0-0030811343","43c8fa55-5e8b-4bce-a30c-05de7ce65650"
"2-s2.0-0030317371","79523940-68ca-4cc0-9527-85f1e3dab046"
"2-s2.0-84946316948","99628c71-b75b-4680-a1e3-2eb42bb44455"
"2-s2.0-0037002018","a836dd0b-f97e-4e4d-9c42-c52e7ed60c4c"
"2-s2.0-0034024444","4dc7775c-6345-44a0-b6d9-922405b59155"
"2-s2.0-0034024444","83381717-3c5f-4e2a-bea1-6240b1e2a9eb"
"2-s2.0-0026665655","e25291f9-1697-4d86-9cb2-76eb44f47a38"
"2-s2.0-0030324787","65194d1a-4824-40b5-b628-db2ecdb9a32a"
"2-s2.0-0036964226","f78a7eec-79fe-49dd-81d2-cb576761ff30"
"2-s2.0-0032450223","0e649568-c441-4c5c-8107-a22b62ae5db1"
"2-s2.0-0032450223","5596f663-cd83-4f0f-b47c-3b4041c12347"
"2-s2.0-0031728731","5fe614a1-4b4b-423d-b47f-959cdeaab13d"
"2-s2.0-0025243117","84e60af0-3759-472a-8369-18c3e4b294fd"
"2-s2.0-0031839777","3cd960ea-2ad1-41b6-a47f-6575c0c779dc"
"2-s2.0-0031839777","1346a855-02f8-4a26-a37e-d453cb655421"
"2-s2.0-0031839777","9faa52da-b660-4082-aa07-40fd7764ca3f"
"2-s2.0-0036814871","5df0571f-c728-49de-a684-4463d2167dbc"
"2-s2.0-0030617632","89279e15-a607-4961-b947-4afc0ae1afb6"
"2-s2.0-0031826430","9d4b36a9-e32d-457b-a7a2-192f8994adac"
"2-s2.0-0032081470","66696905-287a-4d22-bc55-c3f4c9581933"
"2-s2.0-0028179919","84e60af0-3759-472a-8369-18c3e4b294fd"
"2-s2.0-0027130582","b8cece41-68fc-4131-acb3-e9e610391792"
"2-s2.0-0027130582","01c8e4c8-0391-4f96-af54-9acde1bf654b"
"2-s2.0-84983212569","e25291f9-1697-4d86-9cb2-76eb44f47a38"
"2-s2.0-0028978311","84e60af0-3759-472a-8369-18c3e4b294fd"
"2-s2.0-18744391452","91301be0-db5f-494a-92c7-bbf92a8cc99e"
"2-s2.0-0032538086","d3c2b4ba-6df3-4087-8a4c-b6ad93d28100"
"2-s2.0-0347648811","0c2da931-c6da-4bcd-ae7d-948f5a1ffe57"
"2-s2.0-0025661789","3d45526e-1d60-4d01-8dca-ecca7b6f4392"
"2-s2.0-0036210348","4f57fb6c-ac77-4597-bc18-5785699f3429"
"2-s2.0-3242789243","f58ba879-cd0d-453a-80e0-f85b3b45a09e"
"2-s2.0-3943072492","586df2c3-9bc9-4d3f-8090-a54a3216a74f"
"2-s2.0-0033128744","d9e796be-6aee-4dfb-9cf8-8277c0a7293a"
"2-s2.0-0344737018","66f9f902-4482-4866-a7b3-2f5ac948b4f8"
"2-s2.0-0344737018","2e989ae7-54e1-44c2-9ffc-71aec34d57b8"
"2-s2.0-0037636082","6c44be99-c276-4d08-a959-8ecafcc01720"
"2-s2.0-0037636082","3308d40b-4045-4ea8-a6ac-71bb461de25d"
"2-s2.0-0034990303","cb5fc1e1-6941-4a59-b7d2-8326bbe82c54"
"2-s2.0-0025779269","d186c724-e26d-4a2c-924d-c33dc55f4010"
"2-s2.0-0025779269","544f3f69-1357-4922-b6c9-d3f85a1f310e"
"2-s2.0-0025779269","afc2313b-b481-4ec9-9787-29ae5a5b635e"
"2-s2.0-9644252593","94af1b45-bf86-4e3b-8fad-afd864a83035"
"2-s2.0-0031859478","a7afa06e-96aa-4eae-9208-3bcfe7840501"
"2-s2.0-0035585527","6e262e4f-240d-4c88-b36c-e5e8a39a6ac9"
"2-s2.0-0000315214","267ce0b1-3214-45ee-9413-58c73b9e7333"
"2-s2.0-0000315214","c76aea9c-1bad-4bb9-aa25-c4274c6055ce"
"2-s2.0-0020801855","7f4fc28c-b133-46e7-913f-4eacbb61abf0"
"2-s2.0-0003183732","a35dc9f3-30cf-49eb-8a65-ea284a3e82e9"
"2-s2.0-0009808156","22731fc4-e479-476c-9e9b-b23d0da1b045"
"2-s2.0-0024187150","a2a4006b-c167-4fca-b855-66d796f403ec"
"2-s2.0-0016346168","90f8346f-2fca-4200-b8d3-075e2286791b"
"2-s2.0-0015021039","9c11e774-5205-4f7a-b729-1e3db7f97919"
"2-s2.0-0037765642","1739acc5-b182-4e9f-b50d-7dfb29e5e36d"
"2-s2.0-0242655861","7033efe2-6999-44ce-b8bd-396b99b111b4"
"2-s2.0-0040172390","7f46e6c6-642b-48c2-8fad-84157963ce50"
"2-s2.0-0022618248","8d406016-1909-4d56-9d5d-0f0fee75aadb"
"2-s2.0-0022618248","e3e9d190-0057-4e10-8b23-60c73cf03482"
"2-s2.0-0022618248","1c650a6b-cfa3-419f-8d60-5a2f5dc59fdf"
"2-s2.0-7044271318","a35dc9f3-30cf-49eb-8a65-ea284a3e82e9"
"2-s2.0-0014330669","b50a2821-c74e-4760-abce-74acdbcb88fa"
"2-s2.0-0014330669","95bfee53-45c9-460e-b05a-c9961fa6fcc1"
"2-s2.0-0015896355","d186c724-e26d-4a2c-924d-c33dc55f4010"
"2-s2.0-0041694377","4fa2a1a6-5c5b-43a8-9bf1-82e9498ea9f8"
"2-s2.0-0001179009","7ade6b65-d377-4953-9625-b1f9b9919904"
"2-s2.0-0040832144","f7cd59fc-39d5-421d-b045-6d2d10bdd888"
"2-s2.0-0001632412","d0cc8a0c-7382-49b5-ab89-95d057ea1b53"
"2-s2.0-0014448184","ee5bb629-e80a-4697-b463-efe8f0c04053"
"2-s2.0-35148890186","6ea380da-7f73-48bf-b0ed-b235c0180706"
"2-s2.0-0040172385","bf02c704-97e0-4a1f-87fb-69eb4fe69914"
"2-s2.0-0023738066","1dcd4f06-d25d-48f3-9fb3-ba9cbf46ea14"
"2-s2.0-0042193634","7848719c-8a7a-4621-a338-7f9aed55d16a"
"2-s2.0-0001664683","2ca96f31-afdb-4b5a-99a0-ba33557873a4"
"2-s2.0-0009403013","1739acc5-b182-4e9f-b50d-7dfb29e5e36d"
"2-s2.0-0009403013","42a1e39d-7281-48f3-9bb5-0ed6f908179f"
"2-s2.0-0008675771","92bdf9a5-fd71-41d4-bd6f-0711f073f1b1"
"2-s2.0-0015507622","0eaba75c-5c83-4d67-9f25-69d2da15a603"
"2-s2.0-0015507622","e2df5aae-27a1-4d41-a5c5-8927733edbe0"
"2-s2.0-80052520395","6e0163d8-fa28-4ac3-9dc1-e75be208d253"
"2-s2.0-85167455270","4818398a-c1f6-46ce-901b-2d8d84bb3dff"
"2-s2.0-85167455270","1e5e1b59-b703-4c7d-b144-1a8f18b29cbb"
"2-s2.0-85167455270","ce3e86f7-71ec-40ce-ac30-c4e78c17aac1"
"2-s2.0-85148499783","187a0284-9989-4e8a-a840-7447fe2b4ef7"
"2-s2.0-85182585366","f8710673-2c65-4c1c-982e-655f16d4d7c8"
"2-s2.0-85182585366","1765fb70-756a-4521-a079-b5e078b694be"
"2-s2.0-85171882975","65f7e277-ed7b-466c-aa69-5a02aed79d95"
"2-s2.0-85171882975","7d25e552-79fd-4c9a-b980-2a388190f613"
"2-s2.0-85140784043","499fc17a-2a07-48c7-b9b5-ad84cdc99509"
"2-s2.0-85119128816","1242f41d-e313-42a1-9415-3718361bc086"
"2-s2.0-85109605639","9ef9a095-fb51-4651-8bc3-1119029637d2"
"2-s2.0-85109605639","568053a3-084f-47ee-b860-7f0326676cdc"
"2-s2.0-85109605639","be1154d2-8777-4d45-b01c-e32c309b9409"
"2-s2.0-85114601419","0c5a379b-da9e-4435-a4a2-bab6902b0e7b"
"2-s2.0-85098866029","9447045e-f610-4a9b-8f57-2025d429d9a7"
"2-s2.0-85096052320","078bca66-dc2e-4053-862a-6398649a09db"
"2-s2.0-85096052320","bb2af7a7-11a7-42b3-bacb-dcbd2b22b17d"
"2-s2.0-85102586306","7d5ab7c8-e4f2-4cc4-b9f8-884a5866564c"
"2-s2.0-85064930583","0090da84-2c60-4821-892e-54f8fe4bda9e"
"2-s2.0-85064930583","96feaad6-3ac5-44f7-a828-f9a08320c1ad"
"2-s2.0-85064930583","2b10af6b-9d66-473d-9025-882ab8784952"
"2-s2.0-85064930583","0f6be26d-915e-4183-ad48-5f83dabfbe0c"
"2-s2.0-85064930583","39e00656-bff5-499c-8e7f-52fd52582c65"
"2-s2.0-85081885801","35f37a9d-9f9a-446c-a193-6540812ef578"
"2-s2.0-85081885801","2111c1b7-bd5c-4900-941b-98da5f9744a2"
"2-s2.0-85051411485","5c521d87-e2b0-4d69-8e43-9c0dd229ada1"
"2-s2.0-85051411485","7e7fb058-0f03-47d1-9d27-5bbb7cb09674"
"2-s2.0-85051411485","601637c6-fc81-4b99-8da4-1324e3b771f6"
"2-s2.0-85051411485","fbc1870c-9065-49d7-8f09-a9685c4870a4"
"2-s2.0-85051411485","24563cd9-e0ab-4b7a-9284-987e944783e9"
"2-s2.0-85051411485","05a2e731-1b81-4dd1-a7c7-82714b6bfff3"
"2-s2.0-85051411485","4839efcb-c88c-4f01-a4c5-cacb602d738d"
"2-s2.0-85051411485","312474d4-5559-4538-9ec1-6a67a7556eac"
"2-s2.0-85053710020","a622c3e7-19ae-41d7-8b9e-d48e63834c1b"
"2-s2.0-85046838355","4f715500-3387-40ca-8209-1c3d4539e9da"
"2-s2.0-85046838355","cad129bb-e997-4310-a58b-160ece183c4f"
"2-s2.0-85014783797","63097ac2-3272-402b-8d40-89d8eb67deb7"
"2-s2.0-85037036444","61f9c855-57bb-4820-9660-e38175b34a5b"
"2-s2.0-85037029979","aab22ba4-7ff0-4f67-99c7-11ca70feef3f"
"2-s2.0-84885234946","ac78d7c9-8ed5-44bd-b3c1-1b67ad088abe"
"2-s2.0-0034813950","6955ac34-92f3-4815-9f30-f9c549c8b9a1"
"2-s2.0-85176763287","e55e558b-58f3-4707-bf1d-85da6b28dcce"
"2-s2.0-85158168245","bae805d7-f786-4442-b258-ffc67a55077e"
"2-s2.0-85158168245","8f55d865-da5e-4d8a-893c-c6c9740431a9"
"2-s2.0-85132367328","415c9591-89dc-4c3f-93ba-4c0df6b2ffa1"
"2-s2.0-85132367328","196ede08-c312-4362-a5e8-0542fe4b8cbc"
"2-s2.0-85132367328","97aba495-3899-4a01-bd47-480ec4dff476"
"2-s2.0-85072110008","f99de866-6c72-4edb-8485-9c347bc03296"
"2-s2.0-85050287380","a42c9a1e-74d1-4833-9415-0d47b0bca33b"
"2-s2.0-85032269993","02cf1e5b-5ec6-465e-810f-7601da51df84"
"2-s2.0-84875168835","c13b54f2-2bb9-4f8e-ba92-a676a6ee713b"
"2-s2.0-79957464876","1712ea09-341c-4567-bc47-6af026538c0c"
"2-s2.0-33746644189","601460ca-587c-43e0-8be4-ac70ef092730"
"2-s2.0-0035660836","12538719-3c09-4120-b124-e11923699d2c"
"2-s2.0-0040362328","3af693a0-3331-4fac-b236-0b259f8f4b77"
