article_id,affiliation_id
2-s2.0-85162981044,75e94d99-f8de-4992-826e-7ea245cf6eba
2-s2.0-85162981044,fd1cfb65-dd0e-44de-a7c9-4b07704e1a09
2-s2.0-85162981044,4732e5a9-d57c-48c6-832f-1b844123975e
2-s2.0-85162981044,25447696-9c33-461a-b109-0b7284fecf0c
2-s2.0-85149013333,063002fb-5238-45e6-ae49-870df9c9b383
2-s2.0-85149013333,e078556a-5520-4977-ab75-98e41249d78d
2-s2.0-85149013333,da9b10e1-8c1b-4910-b6af-c489096dee12
2-s2.0-85149013333,d6781ba8-520d-4f43-92a2-e198225aa699
2-s2.0-85149013333,6b5c6a3a-aa4b-44f1-8f77-d119575d0dfe
2-s2.0-85160833451,579d35cc-33da-497e-826d-120440ac94ad
2-s2.0-85167577291,185eef58-045f-4890-ad51-c1e655db881b
2-s2.0-85167577291,d4b85c8d-2af3-459d-b378-503a3909a6ae
2-s2.0-85143804200,853567ca-9985-4b5d-b1bf-d03aaab2ae27
2-s2.0-85143804200,de8e4147-79ef-4f4a-a022-c48f534c880c
2-s2.0-85143804200,a6bb140a-9502-44ae-a264-8d28c6252df0
2-s2.0-85143804200,20a41c65-4be4-44fa-a13e-592cfa9e016b
2-s2.0-85164330112,ea652051-e134-4518-ba7f-72a5d2477484
2-s2.0-85164330112,e8952bb6-935e-4422-8cd5-105a085e349c
2-s2.0-85104643201,0c796482-fb6e-4da4-b225-aceed2a9516b
2-s2.0-85189165101,deedf1d0-f418-43cf-91b4-5dc20e4a864f
2-s2.0-85189165101,18c56426-c08f-477f-8262-9d4a12f52abe
2-s2.0-85189165101,27f6dc30-75a9-4016-b888-8529f8bf43ab
2-s2.0-85180253143,7111b01b-6241-4e75-84f5-87589381038e
2-s2.0-85180253143,0b6ee5d3-12d1-43ba-83da-20eec04bea66
2-s2.0-85180253143,b707670a-99dd-496d-8416-ed70617985b6
2-s2.0-85180253143,6fed19d2-dfbc-4f01-bb7d-2bf3c9ebba96
2-s2.0-85177492685,c875b16b-0d42-45fa-8fef-8e66ec300188
2-s2.0-85177492685,9b2d7b94-ec28-489b-a388-9e2cb9979ae5
2-s2.0-85142458747,7bb9a086-cc8c-4389-a5c8-24c42c0935bf
2-s2.0-85142458747,1f59fc00-de15-4d79-aa71-cb605c583199
2-s2.0-85164014254,a3531aa6-e536-42a0-bf68-5ddf1bf1d4e8
2-s2.0-85164014254,e79252d7-d9e0-4713-b7fb-051cd775694a
2-s2.0-85127555538,ae74288f-1a0d-4b42-9cae-fa63833dc7b9
2-s2.0-85127555538,7c1df52b-8eb6-4488-ab58-06f2a9169c6e
2-s2.0-85127555538,1a892778-fddc-4ced-951a-327a131695bb
2-s2.0-85127555538,fa0881a4-22c9-43a6-8cf7-d14a12dfba04
2-s2.0-85127555538,872bce6c-1b7f-46af-ac80-c1aabd17d546
2-s2.0-85127555538,62971428-bbaf-46d8-a3b8-1331f14bb175
2-s2.0-85188150277,88b9b7aa-95c7-49dc-beeb-b3aa43d62e60
2-s2.0-85188150277,3242dea1-6db2-4edf-bbac-66034af6fc7e
2-s2.0-85188150277,f08ca8ed-3893-4d53-879c-887337cac6ce
2-s2.0-85188150277,5de7e0c2-5bd8-4390-9d44-38b61ed1235e
2-s2.0-85124005642,81dcba4a-2942-4a39-8f20-059f51b6f483
2-s2.0-85124005642,eb971d02-9e75-4fb0-a9d3-4c3f19149d79
2-s2.0-85124005642,19177a83-f46f-4f58-b550-aaa350cdaee7
2-s2.0-85124005642,60260aa8-837a-4eb5-a766-e10183c11e6b
2-s2.0-85124005642,83477bdf-465d-4fd3-8faa-96589eb1bcc8
2-s2.0-85132537421,00bffba2-16f0-4955-a928-32bba8be9aa9
2-s2.0-85135730861,d7965f14-ba38-4a52-8198-9d0c0ec46a19
2-s2.0-85135730861,8862bdad-ee7f-4ff1-9714-046a6f886c03
2-s2.0-85135730861,b4319b2f-fe1f-4377-9cbf-89370bb144d6
2-s2.0-85178385301,9d5a02f9-7ce8-4c14-a1f9-9990fb6e1e32
2-s2.0-85178385301,bef6ce9d-05c4-4e6a-aa6c-c4b6543cab3e
2-s2.0-85178385301,2d4a790f-e29a-4013-a4d9-3aeeb5af93e5
2-s2.0-85126999621,c66b3356-02c5-40f0-b234-e0bf6bc2130d
2-s2.0-85126999621,21cfc992-718f-4e15-b83e-1ff6fbbb57fe
2-s2.0-85129068950,0cd0658b-19c6-47f1-9dc4-105056dc6380
2-s2.0-85129068950,9a0fed06-00ca-464f-8d9f-9c7ee72f439d
2-s2.0-85118181962,2043b6da-bb3a-47ba-b330-f5ba2a0c1d91
2-s2.0-85118181962,982d8ac9-40fc-4bbd-814e-6c91483e1493
2-s2.0-85154576999,35b1a8bb-1ca5-46af-82c5-93f0c80aaf64
2-s2.0-85154576999,054bbc61-58a3-404f-99dd-7a73d38bb65a
2-s2.0-85117324730,2211128e-a0d7-4d09-9be8-b31df498996c
2-s2.0-85117324730,fa30fb7c-9351-4bc1-a14a-6d9087f7217e
2-s2.0-85184823294,5b0648c5-7be5-493b-83ed-3fd99757245f
2-s2.0-85184823294,7053482f-0c12-405a-a7ae-dd771998bc8f
2-s2.0-85184823294,8dc27022-4b9c-4bac-a330-f62c94d965d0
2-s2.0-85184823294,0f0eeada-8e9d-42c2-a077-18339edb280c
2-s2.0-85184823294,82a02c83-b58f-412d-9d62-5f3b21525c5f
2-s2.0-85184823294,3b603314-aa03-4295-b5e8-84300240fb84
2-s2.0-85184823294,c079048c-88d3-4c53-b8db-fca3ba219e37
2-s2.0-85184823294,5a5c8251-2abf-473a-8fad-12b44f2a59af
2-s2.0-85101250241,dbb38d64-1473-4d02-9e1d-5d82e225a4a8
2-s2.0-85101250241,c50891a8-95eb-4a93-a283-3d1a8bee1bd3
2-s2.0-85179043779,c28572a6-4e35-4594-966a-ce3b90719ab6
2-s2.0-85179043779,ceb93c9f-be79-4303-87f9-cb73f1b3720d
2-s2.0-85125060481,6f105382-6a2f-42d8-8ae5-6f484e2c5fe6
2-s2.0-85103397524,28bd1cfd-4098-4aeb-95a2-dc5fcce4fd80
2-s2.0-85103397524,7856006c-2c31-49f1-a922-98ebe7deb336
2-s2.0-85182146882,8b4c91e1-2624-4902-bd54-7e93cac3cc04
2-s2.0-85182146882,b3ae9d6a-fb61-4e3f-a72c-a3ae9ae92859
2-s2.0-85185267229,e50daf60-a1d4-4aca-800d-5f216b07872f
2-s2.0-85185267229,126320a1-1609-4fe9-aafa-d3e335f0367c
2-s2.0-85185267229,a1926803-88d5-47c8-ae28-0e36a1efac7b
2-s2.0-85130950378,a8591481-55ab-4877-8d23-ea5af8798c57
2-s2.0-85130950378,dc23b1e7-3aea-4204-ba9d-c787c0c51881
2-s2.0-85130950378,711b88b5-76d8-4295-a7d7-73454b36c219
2-s2.0-85142443390,6eef1f10-df86-43f6-9951-0f5bae1170a9
2-s2.0-85142443390,1f59fc00-de15-4d79-aa71-cb605c583199
2-s2.0-85142443390,7dc07036-1b4b-45b0-800f-e64dd9098a38
2-s2.0-85127431422,1280f080-c95e-432d-90fd-001773cd7506
2-s2.0-85127431422,9413a8c0-e62a-436d-b239-bc8a624f872a
2-s2.0-85167693202,18274c99-c832-4606-be54-eb57dc19a9cc
2-s2.0-85146179730,60935715-1e53-4583-a40a-e8fdf256e014
2-s2.0-85159940910,88b9b7aa-95c7-49dc-beeb-b3aa43d62e60
2-s2.0-85159940910,e8c00d52-e40e-4b51-8f8f-e8a85a4960c6
2-s2.0-85159940910,3242dea1-6db2-4edf-bbac-66034af6fc7e
2-s2.0-85159940910,5de7e0c2-5bd8-4390-9d44-38b61ed1235e
2-s2.0-85182739878,e3a99327-a380-4c66-9c9a-e514b0bef8f3
2-s2.0-85182739878,f7997a6a-0205-4aba-abcb-8a883ae23538
2-s2.0-85182739878,80a0071b-625e-499a-a472-8d4f4c65207e
2-s2.0-85180594890,3bd5318e-78de-4e2f-9d26-df669bc5f317
2-s2.0-85180488167,91bd7ae2-075b-4d7b-8c87-de08d003beb5
2-s2.0-85099005983,8a2af888-1525-4d00-be14-023d241336e8
2-s2.0-85099005983,82beb54e-d534-467a-9b0d-22df19aae5c7
2-s2.0-85099005983,3ea29567-7078-4774-a5a9-38b00dfd35f5
2-s2.0-85175699890,c56b71c4-fe07-4f6e-8f32-e25a3fbff2c2
2-s2.0-85143637863,ff34ab34-ee1d-4dfb-9f4a-835979a82da1
2-s2.0-85143637863,99177173-4df8-48f7-83d1-2a6b22cdd2b1
2-s2.0-85143637863,ce42ea4b-5067-4a26-b592-22a0a032daa6
2-s2.0-85142315500,3fd4c470-68c1-48d6-b17d-bba6cec1f329
2-s2.0-85142315500,ca0dc0f6-1ae6-44aa-b6e7-c6f82a3c1453
2-s2.0-85184514492,079645e4-290d-4eaa-932f-82cc215d3599
2-s2.0-85184514492,6c736601-9a10-404b-b5eb-b225a9ef9123
2-s2.0-85138517489,a026327b-6ba9-4657-86a2-d0d98d4aecee
2-s2.0-85138517489,fea7c4b9-f6b2-491b-8294-d469e6987c46
2-s2.0-85138517489,033b946e-e23a-42b2-9b3b-89c1410e3dd5
2-s2.0-85138517489,f0d3dd59-2533-4902-97f8-22af61a643bf
2-s2.0-85130703864,b31cb73b-a485-431b-99b1-746b377d14df
2-s2.0-85130703864,0647b802-42c3-490b-a439-35c181ccb40a
2-s2.0-85130703864,8114d442-ace6-4c11-b39c-c92763c66362
2-s2.0-85144986923,2890ad65-ea53-4b84-94a2-26999e5f60a6
2-s2.0-85144986923,89ad4680-2bcb-46c1-b358-7a20af1aa6c2
2-s2.0-85144986923,6cf3acb0-5ebb-46ca-9d86-104b7337847e
2-s2.0-85144986923,78e1b6d5-c866-4dca-aba9-5a7e685c4b4c
2-s2.0-85144986923,d7b51050-e39f-4e11-9476-921ddd18edb1
2-s2.0-85104492172,b2a81362-388b-42f0-aad5-de54ac1ce0a4
2-s2.0-85104492172,e0bf3f25-b6b8-4185-96ab-a4333b20ec0f
2-s2.0-85127319916,6d8d8f03-8aae-415f-b766-5378cb9effd3
2-s2.0-85161323162,cf5a86ca-0e80-458a-954b-75f17d99f4f5
2-s2.0-85161323162,9f637a72-4752-47bc-954c-261cdb2870fb
2-s2.0-85118877429,ab0f1861-6dbe-4381-aa6e-dcfb95253420
2-s2.0-85118877429,fbc8e5b7-c9e5-4b4d-8aca-78d88949bf75
2-s2.0-85190590083,97867bbf-9159-47bd-b966-8917a0176903
2-s2.0-85190590083,6fddf7bd-457b-4247-ab9b-7847c13fe56f
2-s2.0-85190590083,bba5ddae-b14d-4604-987f-143ba4267a64
2-s2.0-85190590083,2a978f13-babb-42b5-bfa5-12d625a800cf
2-s2.0-85190590083,6d31e456-d6f5-499c-87ff-0cf0bfc6856f
2-s2.0-85170659126,e2f30c4d-51e6-4411-a991-62b471690598
2-s2.0-85167798644,4ffaf075-7db4-46df-a0f8-c4779ce1d760
2-s2.0-85138075409,57fa0933-9083-4621-aafe-939c47d59ef6
2-s2.0-85138075409,2b817481-1d8a-4a96-8edb-3f0fe212e021
2-s2.0-85138075409,22dd924c-75f1-4602-9cc4-a73da8509af2
2-s2.0-85111971188,3fdb9255-c449-4e73-9462-5e93c10abeb6
2-s2.0-85111971188,666da37b-fef2-458b-8b25-e1a7861500ec
2-s2.0-85111971188,9df7a4e9-f294-4ac5-b7ee-cfa7a9dcb07d
2-s2.0-85111971188,a6cf538b-1862-4d09-9a55-20cb9c7fad13
2-s2.0-85177439490,22974629-0b08-42c1-812e-29b955fecef3
2-s2.0-85177439490,21dc156f-ea19-4f40-8e9f-6622dd9aa002
2-s2.0-85177439490,b63cb3b1-669a-4bc1-921c-82d754236dbb
2-s2.0-85186930141,ce354a7b-9c8f-40f2-b0fc-dc9b42f99187
2-s2.0-85186930141,f02aa1b5-82c9-42f9-8e28-a8c13fd69da4
2-s2.0-85186930141,714b7fd7-29f8-4864-b8bb-98c9914defa9
2-s2.0-85186930141,6996af4e-bfc9-4e8a-a572-e88304d1afe7
2-s2.0-85172475721,dd70aabb-f423-4604-96d4-393425bf0931
2-s2.0-85172475721,ea9f2a48-1219-4a4f-9f3a-f590d8ad71a2
2-s2.0-85106037341,5981f978-8405-4cee-96f7-6d14a83dac7f
2-s2.0-85106037341,7502d4c2-7803-4ea8-bfb5-54b0ec123531
2-s2.0-85106037341,c05dd23c-bd0f-4f47-97f4-749ed3831e80
2-s2.0-85106037341,df4f8d7a-ab2d-46bf-99d6-936715adb57f
2-s2.0-85156262842,9a15723c-8778-434c-896e-e949793b4053
2-s2.0-85156262842,37d3c392-69ae-4864-a445-1752a1f1c039
2-s2.0-85156262842,fa41de6b-5b91-418b-b720-24db68d6e9a1
2-s2.0-85156262842,b35dd68e-e689-4211-9915-e8d6d6c4a37d
2-s2.0-85156262842,5a8d7711-1009-4f21-a860-c4da8475fcf6
2-s2.0-85156262842,3bc67f6e-98e6-46ce-b547-60c6b89f9133
2-s2.0-85156262842,3c852d5f-d3a8-4458-96dc-38403f736742
2-s2.0-85156262842,53fac5cc-83cd-41da-850a-08c8787c6921
2-s2.0-85173751983,88b9b7aa-95c7-49dc-beeb-b3aa43d62e60
2-s2.0-85173751983,38042bff-2bac-4337-b9d8-1df7c8626112
2-s2.0-85173751983,3242dea1-6db2-4edf-bbac-66034af6fc7e
2-s2.0-85173751983,5de7e0c2-5bd8-4390-9d44-38b61ed1235e
2-s2.0-85179075902,57f43c36-4856-4688-b1ef-59b8492e84c3
2-s2.0-85179075902,f7f921ea-8352-43d9-94b5-12e12b5e8171
2-s2.0-85179075902,3c6f99d1-7308-49ae-a0fb-34bbcf969d25
2-s2.0-85179075902,3f0bbe3f-ea1a-42d2-930a-58c54c33a95b
2-s2.0-85106351717,ebe1374c-12d1-4e20-9903-43a0387a85eb
2-s2.0-85106351717,3a5ab645-630a-4f53-806d-61498ca3d496
2-s2.0-85106351717,a713935c-020d-47b4-b8d5-ac06a8717235
2-s2.0-85123542732,d4a8c5da-0b6f-46f0-9604-54d076656078
2-s2.0-85123542732,ef4f6f4e-43bd-4d78-b96d-da17f873efcc
2-s2.0-85123542732,267bd1be-4c62-4544-a6b0-47b301503327
2-s2.0-85123542732,0d088d04-1afb-40ee-813b-0f4cbacc5694
2-s2.0-85123542732,6c112dbc-1fd6-4427-87eb-fe33c89176f0
2-s2.0-85123542732,c1129af8-4c61-4794-adfb-c3631f7bfb24
2-s2.0-85123542732,323ed302-374b-4b81-a35d-687808b8b09e
2-s2.0-85188731518,21656360-1761-4be6-abb0-2265e65dd077
2-s2.0-85188731518,63d61fae-e254-4d73-b91b-14219065ab4b
2-s2.0-85188731518,4980698d-ef10-4e27-a490-1d19b3223f0b
2-s2.0-85188731518,61f18943-f25c-44bf-99a2-da84ccd5ed76
2-s2.0-85127869936,88f6d464-f022-4edb-af0d-bd3d10411165
2-s2.0-85127869936,04db79de-8896-4ead-835b-34684246373c
2-s2.0-85127869936,11a1e946-0375-46e4-9e16-0e1d8cc14be9
2-s2.0-85151536783,3242dea1-6db2-4edf-bbac-66034af6fc7e
2-s2.0-85133506373,bd4a5688-5b7d-4b2a-865d-fe4e1891f0b7
2-s2.0-85125892630,59588a32-9992-4079-89f1-57690e1ac21f
2-s2.0-85125892630,77ebbd06-49c0-4515-8d4f-222756ddee41
2-s2.0-85129314895,cadf7e19-90b3-41e4-8f16-c452e1521c34
2-s2.0-85129314895,6592254f-25d5-4e81-b605-ffbb32f5aaff
2-s2.0-85129314895,416c2d65-1ac2-4da2-ae4d-f340bb07ce87
2-s2.0-85129314895,30c1f980-5446-4d84-b352-ae5e278b8e7c
2-s2.0-85129314895,791a5db9-dc09-48f3-94a7-38c3cd26cddc
2-s2.0-85139093557,e34b8eca-7763-40d8-a2f8-cf5505f18437
2-s2.0-85139093557,83f45d90-2857-47e4-a8f4-e5b64fb13250
2-s2.0-85139093557,dc02267e-7fb8-49fd-95cc-5ef7b7ca23df
2-s2.0-85174273200,9ba69eff-a616-4adc-9912-634a179cd002
2-s2.0-85163943874,21981d88-f46f-473c-b031-19897d33f058
2-s2.0-85163943874,633fe9b5-9e94-4c32-bfb7-d70f6e424f56
2-s2.0-85189015272,0a6832a1-a446-45fa-a540-8668e01d81cc
2-s2.0-85189015272,23e907d7-6481-4e8d-b91e-82e0d60b492d
2-s2.0-85189015272,2c7b8c65-abac-4a4b-a2b1-18081df3c106
2-s2.0-85189015272,086b27aa-e65f-41ba-ac7b-232bc0ed9d9f
2-s2.0-85189015272,74a79d9f-1ba3-4515-a2d1-5653cf17a4e5
2-s2.0-85103550502,f31bbcb4-0f62-4a15-8e79-1146ea45bc20
2-s2.0-85103550502,3d224a55-c51c-47dd-844f-f85cb0cf5fcf
2-s2.0-85127413836,0e0a3a05-438f-4bf6-954f-dfa1d65cc962
2-s2.0-85127413836,a232fef1-ab7a-4076-bb51-7e35d2bff7c7
2-s2.0-85127413836,811a0dd2-3423-4ab9-88a0-2a6fccc831a3
2-s2.0-85127413836,adcfa996-35a8-4ac7-ad5a-078f2881934b
2-s2.0-85127413836,00719f73-73a6-4ae0-854f-5cf584a27220
2-s2.0-85127413836,5c0919e3-f923-40c0-865f-742437475d96
2-s2.0-85127413836,1e8a1836-7cb7-4281-9cd4-888cfcafc4f0
2-s2.0-85127413836,c7140163-7591-468f-b839-b4f8b04f142a
2-s2.0-85118758577,1928787e-6132-4db6-8a0f-3be8430ac612
2-s2.0-85118758577,8f48045f-9d43-4a93-b89f-58c560082dd2
2-s2.0-85118758577,d45c9077-3847-43fd-ba3f-1a660d51ccfd
2-s2.0-85146764078,cd794b54-264c-424b-8f99-849268971fdc
2-s2.0-85146764078,8120f78c-335e-4285-b539-4ab8624ff271
2-s2.0-85146764078,900ff954-7543-4687-9de5-7f110c18fd70
2-s2.0-85146764078,21b6b207-6e08-4a00-bfa3-f3b7f2336871
2-s2.0-85174258737,53ad7d9d-c4c7-446d-b1c7-d73bdd6d45e2
2-s2.0-85174258737,4a114cc3-0251-4b9e-85ad-7515d92df59c
2-s2.0-85174258737,6b29dbf8-6bba-4400-b526-962836d51c63
2-s2.0-85144640872,188693c2-da6b-4292-bd14-6fb44e9a44bf
2-s2.0-85144640872,6208c1d2-47b0-4e3a-97a0-9f30da9da4dd
2-s2.0-85144640872,058def6e-da61-4937-8c6b-270ec11969df
2-s2.0-85144640872,117e8abf-bab8-4482-a700-11d10435e6c0
2-s2.0-85144640872,c6777b47-e61f-4f0d-91ff-f824f6a8f7b1
2-s2.0-85144640872,41972487-9a37-4f90-97cc-6b21c5bd94e4
2-s2.0-85186541194,f4b3ec79-a3f0-4b61-ac6b-4797521f3bf3
2-s2.0-85143206570,9f1a655f-8a17-4492-8174-6e7389959a8d
2-s2.0-85143206570,08659646-759e-4ea7-be1d-e1b34eab0b14
2-s2.0-85143206570,064c0826-4c1b-4ee2-841e-173dd6b19101
2-s2.0-85143206570,f156daac-b098-442b-a89d-1ed98f3ebb52
2-s2.0-85143206570,6b424611-234a-4c40-8272-96765aa8517b
2-s2.0-85144287213,95ef03da-c552-444c-88df-72efbbb1696d
2-s2.0-85144287213,bc9e2dde-2d69-4855-bcb3-b4112ddd77f3
2-s2.0-85144287213,e49ebe72-c3c2-4445-bee1-17392722c3f1
2-s2.0-85144287213,a4ebdda7-33f2-449c-9588-7280cdc3cdd9
2-s2.0-85144287213,ad04c267-7ec0-44db-9820-ef7d54e909f7
2-s2.0-85144287213,37d247c1-78ee-4d01-9e30-275053a1395c
2-s2.0-85129748392,8bc63138-9cef-42bf-be66-769c73d6d36a
2-s2.0-85178366865,54863d6e-80c1-44b1-ac8f-fed7d2b0acd2
2-s2.0-85178366865,55a6e84c-9309-4d84-ae41-44dcb051b6b7
2-s2.0-85178366865,56ab732b-dc2b-4b19-b0d7-5636a724c045
2-s2.0-85162914415,9a15723c-8778-434c-896e-e949793b4053
2-s2.0-85162914415,d9745111-dbff-4630-81cd-b029de210bc2
2-s2.0-85162914415,c73a2bd9-0b13-470a-a98a-039b814515c2
2-s2.0-85182883827,9d66a119-59ce-4512-b640-4c57a6a2e5a0
2-s2.0-85182883827,2207a96d-b269-44f0-a877-9aa8641dbfb4
2-s2.0-85182883827,da380ea5-4caa-48b3-88d0-253b59bff05f
2-s2.0-85182883827,ef6546bd-2890-4ad7-b750-1065768423fc
2-s2.0-85182883827,6d66b2d8-85a3-46f3-9f5e-460d4e6b518f
2-s2.0-85179317489,ba27eaf8-d683-4b01-8233-d21e59e91e76
2-s2.0-85128864690,e362f3ae-ccf8-4d6e-8582-f0e27c642082
2-s2.0-85128864690,a19c4dd7-6520-4e34-b94f-b5f6033baae1
2-s2.0-85128864690,4fb1088a-e53b-452c-a2fe-19aa30c0ad0e
2-s2.0-85128864690,52bd5724-79bc-4f17-8102-c48bfda4df1c
2-s2.0-85128864690,d790701d-5ee2-44a4-b78e-7109641d06b0
2-s2.0-85142502815,91812a7c-1d76-4620-a7c1-bea15bc0a3d3
2-s2.0-85142757634,67e80c20-74ed-43e2-8628-ccd6ad73a3ff
2-s2.0-85142757634,c10c5bd7-49e5-4538-b958-58debe0f3b2f
2-s2.0-85142757634,5b8a72b9-8c29-4399-a04e-ac1edd2543b4
2-s2.0-85142757634,b02769aa-149b-4dbf-8ff1-84a941f54821
2-s2.0-85156100756,b222ca07-bfc4-484c-ac7c-7e5f66e50d7d
2-s2.0-85105243252,6f0f22e7-26b2-47f3-a6f3-707302134ca7
2-s2.0-85105243252,bc5d7274-93ca-4998-b365-26a03b1a6bfd
2-s2.0-85153780111,f2f24779-4e0c-4418-88fc-50d4c9d593ce
2-s2.0-85153780111,74f7af27-ab1d-4384-b037-bee44ca43982
2-s2.0-85153780111,a5f24a79-c087-4b72-8b79-43544affbfb9
2-s2.0-85178366909,f1a440ec-8d22-4847-9cfa-d9d5c10e7950
2-s2.0-85178366909,997dd28f-8951-4f41-abbc-54b5aa50e3e1
2-s2.0-85113286336,b269a453-0a76-47f3-be5c-705b34b7fd18
2-s2.0-85113286336,d252f066-19d7-405d-b7c2-496bc2201a25
2-s2.0-85096399876,5a7f189a-6de5-4344-8901-737a684b33bc
2-s2.0-85096399876,b9f3f9bc-3a0d-49bb-857e-15803646526b
2-s2.0-85096399876,f85d7806-a9ac-4124-a26f-23100d583803
2-s2.0-85089755438,5651662f-9ebd-42fe-8a64-056497774200
2-s2.0-85073074277,d885bb80-a833-4769-98cd-f9083f0e2dde
2-s2.0-85091881694,5bb424c7-9c9d-44d2-9af6-fdb6525bcdf3
2-s2.0-85091881694,13a10174-3a1e-4d3f-8e81-df60c0ffe436
2-s2.0-85087164686,9ecc19fc-6333-492d-86e0-bdcd0e62a14c
2-s2.0-85087164686,571d7714-b965-419f-bf10-938bdd8707f5
2-s2.0-85087164686,90c0c2c4-cd7d-413c-9486-2f689548b90f
2-s2.0-85092596322,076f889b-fb5c-4fb5-a12a-67fb37d42a50
2-s2.0-85074511166,f709f14a-395e-4fee-b5fc-17abd69f0c8a
2-s2.0-85062332189,e16e1a09-2a6c-4802-9455-43ceca2d376d
2-s2.0-85095876854,bbf78531-e0c7-4da9-a190-3f06763c7cf7
2-s2.0-85095876854,e864cd82-0cb4-4ab5-9a33-44d942653fef
2-s2.0-85088432675,0cab6649-e2b2-457f-9a62-2189c909f02d
2-s2.0-85088432675,5c8d8a52-88ea-4742-bfe4-ecba39d5c4ad
2-s2.0-85065967738,0e105391-2577-408c-85d5-f9e61dbeecce
2-s2.0-85065967738,ab4bf0b5-7e49-49e9-b5c5-1780418b33db
2-s2.0-85065967738,2bf6b289-9eac-47e6-9bcb-3534960259aa
2-s2.0-85091248416,5b53dc86-9234-43ec-ab49-ba0a68723011
2-s2.0-85091248416,c56224c2-d1ca-4ee0-9a68-dc6bd899babb
2-s2.0-85108850760,69b6a560-9275-40ea-992c-7c11e2362af0
2-s2.0-85108850760,52456686-fcac-4c2c-86b0-df02c0fb2c6d
2-s2.0-85108850760,a121af86-09bd-48eb-b129-c64e88d6c64e
2-s2.0-85108850760,88b9703a-60c8-4fdd-8e66-b709f9eb491e
2-s2.0-85108850760,8e7e45f5-ad21-4c98-a5bd-3f473d662262
2-s2.0-85081551954,cbaa949f-2aea-42a5-ac76-8d541c778f14
2-s2.0-85081551954,d5f00b32-917d-4f40-b3d8-33083d204376
2-s2.0-85078052315,aa5a4b00-28fd-4ed1-b0a2-58bf0d40e5ac
2-s2.0-85078052315,3bd1366c-1bab-4736-97df-4e560b4f128d
2-s2.0-85102883991,3f775f17-055e-4c4e-b249-a65a851fb4f1
2-s2.0-85102883991,c4ad0302-b637-4bb2-b1dd-0065c6be0da3
2-s2.0-85076162915,2181b328-a2cf-41db-a6d5-14e58549238a
2-s2.0-85076162915,0b63915d-2487-4427-8e54-c77a306a59b6
2-s2.0-85065975354,1385c0f3-9824-4145-9605-1a18ff8f30fb
2-s2.0-85091464344,1aa4e515-0e5d-450d-820e-05e32b095769
2-s2.0-85091464344,5fc8f1e4-b0e6-4e11-b0c2-f7f69fd87393
2-s2.0-85064530368,ab1e4745-5d51-4270-a04e-d5860f5bc0d2
2-s2.0-85064530368,93fd0e55-51b6-4673-87ea-1e5352cdca8b
2-s2.0-85095720110,9a2640c8-992b-453e-bc28-5ccd72c74b15
2-s2.0-85095720110,b60e01d7-6e85-4338-9976-891dc20d417e
2-s2.0-85095720110,5dd3ff8a-da2e-41ea-a473-6275cca08008
2-s2.0-85105123193,0da5bfa1-6bda-467c-9bc0-04b02041d2b1
2-s2.0-85098096022,b0040cb4-2039-469a-87de-19dde5aafcb5
2-s2.0-85073105693,5c32a285-0c77-401b-bc66-34abd24f51aa
2-s2.0-85058112114,2ab93e7e-89ea-4013-af0e-caa71e6c376c
2-s2.0-85058112114,98c4c691-e75a-4d34-8b09-bc73933a9052
2-s2.0-85058112114,384a3ca9-74ee-4060-bd34-eae3135e5214
2-s2.0-85094932101,4fdd4ade-4720-4664-ab92-5330b8b7822b
2-s2.0-85094932101,37fce3ec-b6fb-4a73-93f8-be8bc730e755
2-s2.0-85094932101,00d23709-5bf2-4371-8920-aebd8c7eed5d
2-s2.0-85077657408,3ae4c5ca-dccd-45ed-bad2-8e22f9d92b57
2-s2.0-85114431868,344e8841-e058-4141-8117-aab67e5f9d1e
2-s2.0-85114431868,f4f93e85-8d83-467d-b179-598220be77e7
2-s2.0-85114431868,e644dd4a-cc18-4b35-a279-4782771408b0
2-s2.0-85067993095,5b7947a5-9765-4fd3-ae2d-820ab9f7ca9d
2-s2.0-85067993095,54cf34e6-3a1e-444d-8567-a54a8a7e0943
2-s2.0-85067993095,a6683952-de3d-41bc-885d-7de3d92f8318
2-s2.0-85060153362,da6759da-8b61-4af2-8f70-4ce083d571ce
2-s2.0-85060153362,52491664-3aa8-4d60-b7ce-2a74bf3294a5
2-s2.0-85060153362,2884ba7f-d214-4638-b509-d3ce35558803
2-s2.0-85060153362,67fac9e8-d93b-4e90-98d2-3dee38741259
2-s2.0-85147778405,a468f81e-11f1-4c51-8ac9-1e22cee54e07
2-s2.0-85147778405,bd4af932-3729-4580-93e8-16e3cdb5f2d5
2-s2.0-85147778405,00a3456d-fdd9-49c6-b4f5-f1e40a516ded
2-s2.0-85092598485,05314ea3-f535-4ab2-a9b3-bd8bbc032789
2-s2.0-85101454060,ce2f728a-3c86-4d5c-be06-4c030f5a8cbe
2-s2.0-85101454060,8ba32c24-df19-4c43-9396-1df5ed161c8a
2-s2.0-85101454060,86ea5353-2db0-47e7-a3f5-754da11a6913
2-s2.0-85101454060,ef874127-68ec-4480-8a86-b570199472c4
2-s2.0-85101454060,e1319bbd-d67c-4ed5-bb62-34d0c94fbd71
2-s2.0-85053693704,d30f447c-4ab1-426d-9178-555df27c4f36
2-s2.0-85053693704,513c0383-9866-4c20-856f-b1ffe3f9fa1e
2-s2.0-85053693704,62969c51-afd9-4280-a03c-a6afb0bf2a48
2-s2.0-85053693704,b54856bf-51ef-4b07-9a8d-53460a0d7f98
2-s2.0-85053693704,e1cb24c3-c270-4468-9bc6-f8400150beee
2-s2.0-85053693704,9fb456cf-df4a-4b5d-8532-18ab34cbc29b
2-s2.0-85104342983,63c5dffe-ea0e-47e4-9a9c-77073c60da62
2-s2.0-85104342983,ca12c458-9876-4f64-a3ba-56824fad5566
2-s2.0-85099114927,35f82910-cb3b-4d5c-b8d1-2a523e1954af
2-s2.0-85090671054,784ade0b-f2a3-46e6-af26-b34c85b99a02
2-s2.0-85067686831,513c0383-9866-4c20-856f-b1ffe3f9fa1e
2-s2.0-85067686831,5b8b330d-9c2b-417b-898f-f22f5f426e4e
2-s2.0-85113806664,be2ddc2f-3151-4c59-8de5-5f707127b384
2-s2.0-85113806664,c7376578-65ef-4808-bd4a-b7e40e79fc71
2-s2.0-85087213747,ed742e20-4dc7-4fd2-96f3-4473873fe160
2-s2.0-85113812785,a92d3349-8af2-4193-a9c3-61bb3d8bc02c
2-s2.0-85113812785,d9de8208-bc1d-494e-a7b6-d0d29034e457
2-s2.0-85151551430,7058683c-2a17-4e9b-97c0-3925a5112909
2-s2.0-85151551430,20f0df39-b784-4c1c-8161-51133997c791
2-s2.0-85064556416,a2be328e-06b1-4bc2-8dba-a2b22ad97b44
2-s2.0-85064556416,73a51fcc-69e1-4178-b58f-687345f33a58
2-s2.0-85064556416,43379d06-fa21-42bf-98e0-b2f39c589f47
2-s2.0-85107156642,8305608e-d399-4633-8875-e155661435ab
2-s2.0-85085896549,5f8c64c5-4d31-4793-be70-b9a416110a22
2-s2.0-85077996219,75d7bbe2-bba5-4fbd-9c98-83ba6307ee33
2-s2.0-85077996219,916cbbde-8509-43c0-9932-05d8715ec22a
2-s2.0-85077996219,ca10110e-695d-4624-89ac-954cf50c36fe
2-s2.0-85077996219,49e4c04f-1ea1-4bcc-9ec4-a6d1d58b6a18
2-s2.0-85077996219,27796cc1-f759-4fb7-ad9a-894225091aa0
2-s2.0-85064147880,5fbe6b7c-79cd-47a2-8067-132d2eef7293
2-s2.0-85070437136,2099a8df-781e-4f42-975d-c1980b556794
2-s2.0-85070437136,f3daa505-3cef-40b2-ab2f-6812c5f87834
2-s2.0-85088022895,225699a6-94c6-4d48-843d-372045e2e409
2-s2.0-85077147501,70f0f606-8ac7-4d22-b258-b639d8b1061e
2-s2.0-85077147501,8d1f188a-b5ec-4a75-899d-b7d8f06136c5
2-s2.0-85071956296,75497a5e-7f31-4136-8cdf-860ee56b29ec
2-s2.0-85071956296,af0b159d-795d-4c70-b5e5-40fe13b29ec6
2-s2.0-85116503808,6662b34c-c47f-4d62-8d78-1528c013412c
2-s2.0-85108584959,562d98d3-bad1-4f13-b082-1cad2dddeee3
2-s2.0-85089731945,fbd7841e-7a58-4981-a83b-bf2e584f9e74
2-s2.0-85054395326,99b1c83d-6c14-4ada-a980-f7d2c5e4fcf1
2-s2.0-85103282980,f3c1abb5-ed27-4a59-9c8a-4cc442ae62b0
2-s2.0-85066866777,b8eeab9f-b1e1-4460-816e-7c210f9b05cd
2-s2.0-85076836502,f6cd421a-b40b-4d86-b2d6-96c58d3c9a97
2-s2.0-85076836502,bb5271c0-f566-4013-a343-5d211ffd5db2
2-s2.0-85078486162,23f2ae72-547f-42fb-8e7c-68590282dab0
2-s2.0-85078486162,f6dfdec9-55c2-4388-90e7-584bac3f9b63
2-s2.0-85078486162,c87d1b4b-ee2a-4b35-817f-f8f7df1a216f
2-s2.0-85078486162,4ded8c0a-9753-41ca-b094-ac65a09c754f
2-s2.0-85090624696,11008d8e-ad07-47ef-8af6-9ad49e389d19
2-s2.0-85090624696,420e3d92-077c-427c-aeb1-99182a472250
2-s2.0-85054190130,3ea29567-7078-4774-a5a9-38b00dfd35f5
2-s2.0-85054190130,96f3cc9e-5a76-4987-bc1e-7daf9b88a882
2-s2.0-85100887042,5bc9608b-8eb4-4d26-9c78-cf578fc4b05c
2-s2.0-85100887042,c4297de5-8123-4ae3-892b-9c74d52f7292
2-s2.0-85100887042,6913dbb6-4f4f-4f45-9704-68539a36c6c9
2-s2.0-85080966834,254bb501-6ff1-4693-aaa7-49b95a8bc096
2-s2.0-85101466130,86f4cab5-faa4-41bc-99a4-379cdee8fc75
2-s2.0-85073113658,33d86081-94ad-4ada-b111-77a693c0f69b
2-s2.0-85097776852,b897abf8-9c7b-4ddb-84e5-a3db8529dc8e
2-s2.0-85097776852,e2d120bd-b362-4dd4-84aa-f158d39aa47a
2-s2.0-85097776852,a70bd5a1-e718-4f5a-881a-e2e9aa82e1ea
2-s2.0-85097776852,d32b3b0b-21e7-422c-bb2f-93d344e6f7ac
2-s2.0-85097776852,fb698c70-0c32-4da5-91b5-59ddf6d45c8e
2-s2.0-85088123413,976e24c0-3f92-40b6-9bed-35bf7fc5f56d
2-s2.0-85088123413,c7133b45-f13f-43a9-8b1b-b42d4beab61d
2-s2.0-85074848958,6e177bbe-fc21-4ae1-9b7f-96485ba0a485
2-s2.0-85074848958,ba0ea5f0-6608-4813-befa-96b79deea0bd
2-s2.0-85074848958,1561b1ce-0037-4783-9bcf-9de0e544a8e2
2-s2.0-85074848958,82d59d62-0437-4061-8b86-b92f78f00c4c
2-s2.0-85097827097,0f7ac218-31e0-4cfa-8ccd-edf947cac246
2-s2.0-85097827097,4852c81e-2e54-41bd-bfe6-d93b0fc7c19a
2-s2.0-85065974583,3e3fdcb0-c10e-4ef6-9d12-195c0fc3c53a
2-s2.0-85065974583,194315eb-c472-405d-9d50-b85b6e7aad37
2-s2.0-85079230523,de85c4a3-9d61-45a9-9f56-1ec1f3cf5bdc
2-s2.0-85079230523,5a7f189a-6de5-4344-8901-737a684b33bc
2-s2.0-85097541658,6e760592-c4af-40fd-aae7-5ed785b587b0
2-s2.0-85094813579,41e5106c-52cd-4187-9409-b0a38d676a2c
2-s2.0-85090662962,07276b1b-cca0-4829-9ac2-713876f94013
2-s2.0-85090662962,c83881be-17a7-4ddb-bb21-74767368ca96
2-s2.0-85074599806,ac982021-c613-445c-bca4-7a7409263478
2-s2.0-85074599806,9f01cecb-dd37-4b17-bf6b-527f8b53cd25
2-s2.0-85074599806,911596c2-8d8d-4dfc-b375-df57f905d46d
2-s2.0-85074599806,76314930-0a12-42cd-beea-e4dfccdb7c41
2-s2.0-85087099287,29d20234-e80e-4d25-acf4-0455f57b7c6c
2-s2.0-85087099287,e0b025e6-e5c3-4708-8321-dd7745182f14
2-s2.0-85087099287,ff0d4c8a-8cce-4fb8-ab82-45ed7d6d3da4
2-s2.0-85087099287,62b173f9-0c7c-4f08-81bc-813251377906
2-s2.0-85087099287,55d6b004-ec8d-4e87-8be9-9b92b04baa8d
2-s2.0-85087099287,e00aac2e-b457-4d85-8956-505af687980d
2-s2.0-85087099287,54ecc1b1-61b5-44d9-8c17-49749a08cdc6
2-s2.0-85087099287,eae37a10-a660-4a30-a26e-a67bef47546c
2-s2.0-85087099287,ace799d8-3d5a-4597-9150-a28370d09cc9
2-s2.0-85087099287,1e0fc450-95a1-48ce-a44e-f7ae22d7a3f2
2-s2.0-85087099287,f99d245c-3da0-42bf-b482-aa03627f4970
2-s2.0-85087099287,b420b9bf-c29b-4d79-ac48-4ee65e7291e5
2-s2.0-85097138935,a769c5d3-7358-40ff-9842-10cad6536286
2-s2.0-85097138935,fa7b708b-215f-4835-886d-974481c61ba9
2-s2.0-85078610926,4e78db49-8bed-4440-b6d4-1d88fb8eaf57
2-s2.0-85094201510,f6517fc9-8989-402c-950e-c807c1e755fd
2-s2.0-85094201510,175c5a37-5693-471f-a51c-edf0b602d1d2
2-s2.0-85094201510,2f9eaf5f-42bb-44df-9d1c-65ed86fea24e
2-s2.0-85094201510,501cfe4d-16a8-4875-8c77-b7d8cee78246
2-s2.0-85053032973,93f4493b-8741-4b00-a872-1005f6565e9a
2-s2.0-85125010911,28a051cd-3f00-4090-be9b-c6572939e0a9
2-s2.0-85125010911,debf72d4-eb8a-4625-b3b3-775ceb682eae
2-s2.0-85096050609,9232bca2-f344-4e63-95f8-db5326f67b7e
2-s2.0-85096050609,05fdbd35-8377-4721-bff3-10c0135bae84
2-s2.0-85078231596,9152948d-a54f-4c3d-92f2-6acbbfa78106
2-s2.0-85075999750,d117212b-26c6-47a4-8d95-23e33a1370d0
2-s2.0-85075999750,ca615037-f801-4c55-8bb6-a57c26936853
2-s2.0-85075999750,ae42d83c-c1fb-4201-924b-bc6412f9d806
2-s2.0-85075999750,69ba7b44-633c-4911-ba94-5b0e9410a6cf
2-s2.0-85083049251,e49fbbeb-0d4b-4f88-a639-b991fd1e7a13
2-s2.0-85083049251,527f7f2e-3910-40f5-925a-91181180dd48
2-s2.0-85068854718,5a8898b7-1662-4725-b3f6-463061611649
2-s2.0-85091243022,71553e13-5307-49cf-99b2-b59e8f443bd0
2-s2.0-85087055718,6151bb0a-9008-4692-9084-2a88974ea4e0
2-s2.0-85087055718,951281db-52e8-4f48-90b3-90151a9fb94b
2-s2.0-85071738507,8ab2b160-186a-40c7-a8bb-d0935729604d
2-s2.0-85071738507,9121c669-bc97-4073-9467-1090f1e61fb4
2-s2.0-85086797947,34f15d25-e105-4250-8dc5-d2901567c769
2-s2.0-85021821810,f6296055-2605-4d43-b466-7c2902382e58
2-s2.0-85025426964,7936e3b4-ffbc-4197-af19-21c57377a5a4
2-s2.0-85025426964,475a3d69-1455-467d-895f-999ac03af98b
2-s2.0-85025426964,c095d347-b15f-4bac-8de7-d790c76d0e6a
2-s2.0-85067600018,cfbdbb3a-b600-4e28-bc46-7ed8b27b0373
2-s2.0-85062621183,24cec7ca-b76f-4568-addc-c1899554d876
2-s2.0-85062621183,c762f0c4-1576-44bd-8537-1f2cb1205e7a
2-s2.0-85054805733,28525b1f-b86a-455a-9ba2-cb0df3848323
2-s2.0-85054805733,33562656-e03f-492f-9651-2f5c402c35af
2-s2.0-85043512672,7c319efa-0588-4c6b-be48-b30e95606885
2-s2.0-85043512672,adf7fd0b-9e18-4a3a-8044-05dca49ff280
2-s2.0-85043512672,bcc630eb-d841-4f73-a4b4-41607f92b57d
2-s2.0-85043512672,391e91ef-de66-4c60-a497-0444bab045a2
2-s2.0-85043512672,ea478692-6d5a-484a-bbd3-12ca16b0790d
2-s2.0-85032908701,842d8d60-05a6-4d8f-9ece-350ace76dd6b
2-s2.0-85046461677,2d155e68-48d1-44dc-83c6-4a137da43fdb
2-s2.0-85046461677,1fcf99b0-cb21-4ef0-9831-bb2e33ec49ac
2-s2.0-85046461677,0ec65cac-6ca4-4e0d-acb6-e2a64f8b7ad6
2-s2.0-85026677594,d13ffa73-b079-4a89-8478-85823968ed2e
2-s2.0-85026677594,c86b6f22-b28f-4947-97d0-3f0a260dd626
2-s2.0-85026677594,8eb00d3e-3bbb-44cb-85ab-014285b9a995
2-s2.0-85026677594,e66532e8-9d5f-400e-9b84-951d872425e6
2-s2.0-85026677594,d2dfa3f6-70e9-4bf7-9d4e-e47bf5f56b38
2-s2.0-85026677594,e62c7809-7497-4a77-9179-a6e54bdbd75f
2-s2.0-85026677594,ffe3d38d-f3e4-4218-8878-ad7b4e9e31a7
2-s2.0-85026677594,08f8ea15-80fc-42af-a303-ea377ec42939
2-s2.0-85014631053,15fab206-8101-4d9a-a6c3-8aa0056f9ccb
2-s2.0-85018348296,cb6f679e-f36f-4520-ae77-4a1657d6bac8
2-s2.0-85018348296,435ee0ce-d8cb-403d-a8e8-45189dd18f5f
2-s2.0-85034583263,f5d5023c-a8e4-494a-b24f-0f08c90d2748
2-s2.0-85062033504,917da7ad-f202-4073-b9e1-b68dc0cd2aeb
2-s2.0-85062033504,c73866da-0863-4004-93d2-a4b0ee902a45
2-s2.0-85062033504,d5ad9154-6df8-4a06-9c68-c589301b8e85
2-s2.0-85036657232,ffaeba37-7a54-40a9-87a6-f9026553d8c7
2-s2.0-85036657232,313c9568-d578-445f-a19b-92f0e947caa7
2-s2.0-85036657232,cab4b9fa-277e-4f03-8cca-dd1df69cea72
2-s2.0-85036657232,24e90f39-03a2-4a7b-82a2-dab9df23c8e1
2-s2.0-85036657232,b15f0765-d10e-428a-9976-5368b14ab042
2-s2.0-85070564939,2cb5b377-60d4-46fa-9682-ef621c822a0e
2-s2.0-85070564939,9272c30a-a210-49eb-8aee-46ad3a3c5f23
2-s2.0-85053709607,d3568ab9-873a-456f-bc47-fbdc92909b59
2-s2.0-85003441768,f6296055-2605-4d43-b466-7c2902382e58
2-s2.0-85059746200,27e92db8-0339-4a5e-98be-1515acdb765e
2-s2.0-85041496493,ba7bc11f-2d9e-442c-9770-1f6411ab4a05
2-s2.0-85041496493,9b51c808-93ff-41a4-9185-b399a442ebe1
2-s2.0-85041496493,f5c93360-107a-4340-aec1-655c2c900faa
2-s2.0-85041496493,b6b43df8-a5ec-4837-9514-5284385bd717
2-s2.0-85041496493,53da6d25-71d7-4a5e-8c29-a71a96bf48ea
2-s2.0-85041496493,b2756bb0-96a3-4419-b075-de9fcdff7af1
2-s2.0-85045750751,8f3c94f0-303f-4d34-9cb3-0c87eddf3c49
2-s2.0-85045750751,8bf737c0-de7a-429c-8cf4-ad9cb79c0e2e
2-s2.0-85040583722,25b2cc89-06c6-4637-9c6b-02e4fdced00b
2-s2.0-85033463828,cb253019-2715-4173-8035-ff7e2bac9f6e
2-s2.0-85033463828,c5f99da0-b905-4a9b-bd10-28700b43abee
2-s2.0-85033463828,239e2d4e-234a-4b65-925c-c07066ee7f7a
2-s2.0-85037052514,e19d4f72-6d07-41d2-88fe-1f548b2b9de3
2-s2.0-85037374757,641cbd50-1d12-48d0-a2d4-8d8cdac32d46
2-s2.0-85055171727,4c94d124-d470-4f2e-b88a-72b49ea684aa
2-s2.0-85055171727,81809310-a67a-4eed-ab45-a597b4e6e1ed
2-s2.0-85032017642,fcb7ce3e-24d0-4111-9df4-bf57b8027860
2-s2.0-85019127272,afad97da-f833-42f8-a52d-44c6ac9633e6
2-s2.0-85072229800,9c0f8856-f0f7-4477-88ad-bd5d73d52c44
2-s2.0-85072229800,684da95e-f4f4-4e5e-9972-c00aa5b34ee2
2-s2.0-85072229800,146fa8ca-ae91-43c9-90da-5fa3a00b680f
2-s2.0-85065929489,1561b1ce-0037-4783-9bcf-9de0e544a8e2
2-s2.0-85036670449,6a0f5333-4a54-4c4f-8cd8-4619e7c6a7e2
2-s2.0-85036670449,60788910-a38d-4ad8-b99a-8cd4fa63eaf8
2-s2.0-84964614559,d13f3dce-d91d-4ecd-a297-873be76e122b
2-s2.0-85042001880,9f833019-9d83-4bd0-ba73-4b0d180c3fe4
2-s2.0-85019651270,e45aae4c-5eee-4606-90af-0d31c37e6c3c
2-s2.0-85019651270,5f387029-6077-461b-83f9-064d4ac17361
2-s2.0-85034069093,b876e53c-8c9e-4126-bbf9-d8560c59f17c
2-s2.0-85034069093,bfb2686d-6fc3-4e1b-a67c-e003da7cadd2
2-s2.0-85034069093,943ffa19-8c55-4635-b412-a66d80ca1f82
2-s2.0-85049580816,eb7224a6-fd25-47f5-97bf-4f06957ad0e9
2-s2.0-85049580816,0c93b130-142a-413b-8a67-4b69bc8655e6
2-s2.0-85006826184,5792134b-41a0-4aa6-a1a0-ec8b60261ed3
2-s2.0-85074206595,e9009e98-9922-4293-a912-23be6fee8cf8
2-s2.0-85074206595,82326e08-a64b-4c62-bb88-5da769f41181
2-s2.0-85056630858,c245a2e7-8675-496b-93d7-588dc05160a6
2-s2.0-85031812464,8b6b9c2f-a09e-423a-aeba-bc125eb334a3
2-s2.0-85021297507,f90efee0-9dd2-4d8b-8b46-68062d285703
2-s2.0-85062102823,891c9576-5d9f-49f3-bd18-12b341bbda16
2-s2.0-85029214215,bd9acb54-9e4b-440c-9399-0176a988d0f0
2-s2.0-85029214215,70e54f3d-6056-4c94-95cb-66ef9e84d10d
2-s2.0-85029214215,960a7e11-9355-424b-b22e-5b8137560125
2-s2.0-85006356943,45742319-b7d1-4d0a-8f23-7b9640f6d1c2
2-s2.0-85019109930,614bc277-175f-4b4d-9e8f-280fad8c079f
2-s2.0-85040964417,3d329b7e-4622-41e4-af0a-f973490c2aec
2-s2.0-85040964417,d2276beb-82eb-4260-aeb2-49c3e3f231b0
2-s2.0-85040964417,801d7ec5-d475-4db2-82a0-bd5c62aa82dc
2-s2.0-85040964417,5881051b-e2e7-40be-a95f-455cf97c4878
2-s2.0-85068444503,879892eb-f870-4c36-9af6-8598f375617c
2-s2.0-85068444503,e9faada4-9fd3-4e0f-b96b-2c4392ff845d
2-s2.0-85068444503,e52925cb-4351-4fe0-9e8a-7dce4c02f8ee
2-s2.0-85028515482,cee3728e-93b3-4c9c-945c-8b31385533b8
2-s2.0-85018764259,2b5d5cdc-fc20-4110-874a-00d1cbff7288
2-s2.0-85018764259,799ec033-894b-4d82-af85-e1812ca3edb3
2-s2.0-85002213830,4d85362f-372d-4d13-8222-2c9ed2733049
2-s2.0-85002213830,6ca27b38-8f9b-4c30-8a2a-f0cecb456e54
2-s2.0-85002213830,d2170ff3-6007-4e35-a945-bdc85aef0bf6
2-s2.0-85002213830,f476a556-f7e8-4157-9a34-59975f400d3f
2-s2.0-85002213830,d8532a31-c6e5-4df6-a318-ea9ddaddfada
2-s2.0-84979516711,ab07cc00-d8eb-45dc-a2f8-2428150df6e3
2-s2.0-84979516711,e4724a4e-9900-4b5d-99b1-ff59d68f9a32
2-s2.0-84979516711,b906c091-573a-4537-945e-1a91d0f4f469
2-s2.0-84979516711,16fa3d40-c6df-49cf-a098-c6c61c0b6569
2-s2.0-84979516711,ba3372e6-931f-495a-bc13-94e2b7ad0757
2-s2.0-85021065218,e77baed1-d2f9-4559-94ad-a896bb47d927
2-s2.0-85021065218,5c614e21-98e9-4c7b-aafe-fecf0c724d08
2-s2.0-85028305944,2d483baa-27f1-4c36-a06c-e46a037f118e
2-s2.0-85028305944,85a4ac30-1efc-4335-9b9f-80281031a155
2-s2.0-85028305944,45d9b2af-e1c6-467e-8b46-0e891b3d5be0
2-s2.0-85014589606,8ab9154d-24f2-4ffc-8061-849e3c38cf3d
2-s2.0-85014589606,56648e3f-cd38-4e0b-bca2-b53bdd4e8e8b
2-s2.0-85054463852,72155d0b-9c8a-45bb-a66d-07abb3668e4e
2-s2.0-85054463852,749a7c97-36f6-4c56-a0ba-fc070387f778
2-s2.0-85014752613,527d87ac-912f-498a-acf7-a112bc4eca8e
2-s2.0-85014752613,00ef5b9a-89ac-4e65-acc7-3d23bdf2b340
2-s2.0-85014752613,f33fab86-402e-41af-a5fc-d12a9ad144e4
2-s2.0-84994718341,cfa55c94-7ddd-4544-a81b-8dbf351c4884
2-s2.0-85075166353,e6517a73-b512-4682-9de8-65d46b6c7789
2-s2.0-85075166353,f71b611f-6463-4fb2-ae05-45d6b4587fd6
2-s2.0-85055352826,ab31394a-c859-4c42-a7f3-433c03b570f4
2-s2.0-85055352826,9e584d27-e718-4381-8b5b-cc447eaaf924
2-s2.0-85055352826,09878216-73ae-4246-be95-621d75906214
2-s2.0-85055352826,d9837fd0-a25e-41ab-9e01-6e023fb5f62a
2-s2.0-85055352826,ade6c366-0891-40bc-aa98-6fe2fc0d61d1
2-s2.0-85055352826,c84366cb-4845-4349-9b8f-5dc03578ca63
2-s2.0-85065498821,d570d4ab-eb4c-439f-b8f5-04ea93492082
2-s2.0-85065498821,a8cb390c-100c-4815-8df6-41c3a0623818
2-s2.0-85065498821,a1fb21c9-9ad6-4bd0-9338-212cef2b516e
2-s2.0-85033684988,57147e95-cc40-4cfc-b7e7-a07a781c236c
2-s2.0-85033684988,33d86081-94ad-4ada-b111-77a693c0f69b
2-s2.0-85045903329,c0d7950b-39ef-4654-bfb4-55da1fcae047
2-s2.0-85045903329,7c66c925-ec43-464c-9fd3-de3b001b9e67
2-s2.0-85045903329,4653f2b0-3aae-40b2-a0c9-9e49197a7972
2-s2.0-85045903329,ec07c229-4e07-422d-a8f3-6fa568b3439c
2-s2.0-85045903329,a3e15641-0e5f-4d5f-86d4-8610a87800a6
2-s2.0-85045952219,33f6dbf4-6e88-4ef9-8d74-c26afcdbdbf4
2-s2.0-85045952219,df213009-8bcb-4b13-9dd5-ed58d69f4847
2-s2.0-85045952219,b410c041-d2ef-4e4d-9c79-4f3363c8a9fb
2-s2.0-85045952219,918d1622-db5f-4025-8261-98032c9d7737
2-s2.0-85045952219,30adba02-2afb-4c7b-8b3c-0a524014b7d9
2-s2.0-85028248668,0529c7a8-7974-4d7a-b65e-d7218a5b3c89
2-s2.0-85028248668,98d192fa-c235-43a8-b5cc-b7f3509a6a34
2-s2.0-85053668037,216ff8f9-d185-4070-928c-908efdad8217
2-s2.0-85053668037,710eafd3-0781-40bc-82b5-a6696559684a
2-s2.0-85041619190,1ca5e033-c3dd-4e28-86d7-c309ef54a1f6
2-s2.0-85041619190,d7983272-39e4-46fc-9e11-c4d6c462f5ca
2-s2.0-85032023093,9735db3a-1f2c-4fde-b4f4-b85a25fb7cbf
2-s2.0-85032023093,110acf87-7c53-4b0b-8e0b-695dbe715e06
2-s2.0-85032023093,0b022312-fb25-4b4e-b82a-8016d28b4a7f
2-s2.0-85053856369,4330faf2-8b5f-4a92-98d2-f09a82b126ac
2-s2.0-85053856369,55414422-180d-4615-b231-f75525208d63
2-s2.0-85037639863,94bfbca7-988b-413a-8add-e493662575cc
2-s2.0-85037639863,97aaecbe-e48a-4057-a518-62dac3f66219
2-s2.0-85044768089,5fcb38ab-f535-413f-98d1-b74aa5ed8ff1
2-s2.0-85044768089,57316ded-93f0-41ca-b26b-44ae7a9ad5b5
2-s2.0-85044768089,92bbfd31-21df-447e-b31d-e60aaf87635c
2-s2.0-85044768089,12e5a2af-2e85-4b45-9c81-92ee71fb25fd
2-s2.0-85021772737,025787cb-bc5d-4ab7-8df2-dfbead67a022
2-s2.0-85053529119,28bd1cfd-4098-4aeb-95a2-dc5fcce4fd80
2-s2.0-85053529119,7856006c-2c31-49f1-a922-98ebe7deb336
2-s2.0-85027097994,40d0e693-0074-4c97-9d3a-584d5c925441
2-s2.0-85044294782,b0a620d2-1229-43cf-ad9c-c862e117a6c7
2-s2.0-85044294782,dde1ae2c-9300-45a0-8e31-cbed2133a6bb
2-s2.0-85044309943,da2b1662-4421-44cb-84eb-0fe6ce6f9969
2-s2.0-85044309943,0dd3f706-e4a6-4f20-8ac1-0b21f7cd689b
2-s2.0-85030720831,88618e9b-2024-46e5-bfb6-4fab03a653d3
2-s2.0-85053283173,7fa8f829-cd59-4ec6-885f-f0828127591f
2-s2.0-85054344762,7e6f279c-b3d2-44a2-8093-4f8c72fd6593
2-s2.0-85054344762,3d0f4c31-411a-42e4-a87f-02735d94475a
2-s2.0-84942570634,1c08ff03-e261-48de-8ebf-2ff4cf042878
2-s2.0-84957998578,93e3ab27-dfa8-41a2-a386-d487e71f2802
2-s2.0-84924133209,f137cb61-1550-4699-9df8-fa2091205af6
2-s2.0-84924133209,a04b42e4-90be-4285-8007-50ac2efa2a47
2-s2.0-84924133209,a2ee8a55-06aa-4d62-9b44-4cc9bfd9c3f1
2-s2.0-84952885235,eb6f90f9-6dea-44f5-b10d-b97886790af6
2-s2.0-84952885235,a822e691-63db-408b-acbc-20ba403df531
2-s2.0-84951336297,a8baffce-fe68-4cb3-9408-78a87b8a2d85
2-s2.0-84926643180,61982379-3c79-4083-96e8-0055418506a9
2-s2.0-84885602802,4fd60a25-54f6-441e-87f6-a00fb006a9b8
2-s2.0-84888402460,6e045f64-378d-4a91-a269-881825fb8ff6
2-s2.0-84963705379,3b78926b-bc77-40f8-a79e-0e0bb6f65005
2-s2.0-84963705379,c7ccd100-852c-4e45-9ae5-22e4ba60dcfd
2-s2.0-84963705379,96d66e48-5fe3-4bce-abdf-bc776d2d8b30
2-s2.0-84932139355,8ea630b7-e20a-49c7-83d9-a97ff6b6740c
2-s2.0-84940096134,42109d87-0c0f-4857-9265-4aa6551efae8
2-s2.0-84940096134,6d8fa5d7-2799-4048-98a9-7574fde7a32f
2-s2.0-84940096134,f0041057-af75-4e54-bccc-31494dbd08a3
2-s2.0-84940096134,e8e994f8-c569-4d65-a94c-6220b650dec3
2-s2.0-84940096134,aac24f49-3054-4dea-9eb1-9d6db0417613
2-s2.0-84940096134,443931b7-ade8-4c3e-8f06-c5496c804b2a
2-s2.0-84939248793,826faa04-ae04-420e-900e-bd50ae220c31
2-s2.0-84939248793,b1487c35-45bd-4de5-ab2e-ab484f6c4408
2-s2.0-84948958232,6d1909a8-2258-4470-98c8-1eb130dbf4e6
2-s2.0-84944384828,9ac131a7-5218-48d1-bd15-3c4f816944d0
2-s2.0-84944384828,8a574051-4f98-42e0-aca0-2468f4323454
2-s2.0-84882602636,da6759da-8b61-4af2-8f70-4ce083d571ce
2-s2.0-84882602636,052ccb3e-3310-464b-bb5f-b7e35693d81c
2-s2.0-84887217645,7d6eb79c-d127-4622-92e8-55d28a1b9992
2-s2.0-84958757484,93b9058f-994d-4981-a93c-c927c69cc923
2-s2.0-84958757484,705fcd53-982b-4196-abaf-4ceb70d23669
2-s2.0-84947944527,f01d93a1-e508-4144-ac4d-6af40733a62c
2-s2.0-84947944527,34d9fe39-1bba-4582-a4c1-fef908542684
2-s2.0-84947944527,65934e1a-010d-46d0-8717-07a0288264bb
2-s2.0-84947944527,5bdc5da0-b843-455b-8a10-5c75688840eb
2-s2.0-84987657385,93ec85a1-e831-4d5f-9506-39186c8ff992
2-s2.0-84954420616,fe586345-c40a-438e-84cb-90384d6405f0
2-s2.0-84954420616,f96ae0b5-3337-4d92-aadc-4ae126463066
2-s2.0-84940902884,fe5a1840-e87c-4d0f-bd48-17b4590fadae
2-s2.0-84979752242,fc090f6c-514c-4931-8bcd-ac54d13e0a44
2-s2.0-84906687740,d8e30b45-5b30-4ffe-b488-179610fbf6e3
2-s2.0-84906687740,7febc18d-1887-46dd-8de0-50be4ca946a8
2-s2.0-84906687740,7b8a5d8e-48d8-4e88-b7db-f9e55094dfe4
2-s2.0-84906687740,2e10288c-4e0a-4d70-a8e8-106aa39ef4b3
2-s2.0-84901945307,7c2530fa-3221-4b54-9ce9-6af7cf888cbc
2-s2.0-84930933045,248a59c8-ee2b-484e-9ed1-ff3440528346
2-s2.0-84930933045,2294e4f1-1c3b-4b6e-bf13-0abe662c83ab
2-s2.0-84930933045,69693635-4ffd-495c-82ef-54a5bc2026ea
2-s2.0-84930933045,5d8bedff-d758-4d8f-a467-17efe6349d4e
2-s2.0-84979913023,2be70508-22e4-44ae-bbd8-adf088a2a8c9
2-s2.0-84979913023,781f7832-f119-4bc6-bebb-4fdc24ebfe5b
2-s2.0-84940372528,69d35297-ef74-4af9-8c5f-f0bacde625b7
2-s2.0-84973293532,4416f3fb-fcd0-4252-83b6-c7126ff64346
2-s2.0-84940839512,0c08d94c-ea72-4f48-bd86-f1b9462767b1
2-s2.0-84940839512,68f6992a-bc48-4a64-905a-9c422f236ae8
2-s2.0-84940839512,3e6e6c8e-46b0-4343-a82b-32e59e7ea68f
2-s2.0-84939258722,7d6fc457-cb6b-4748-9a0c-4df0fcb5ee7a
2-s2.0-84939258722,5c5f6473-c856-4357-b99b-7c81cbe589d3
2-s2.0-85020318732,e6674f3b-6cc9-4db6-ad6a-42436f4087ce
2-s2.0-85020318732,e7e144b2-0d2b-40f3-89c2-f9dc178c7baa
2-s2.0-85020318732,7943b36b-c6db-4e94-b97a-d8d906531a86
2-s2.0-85020318732,9999097f-5459-42e1-b97c-78654067adae
2-s2.0-84932099731,b8c16d00-e90c-4c12-a50c-957821a9ed5b
2-s2.0-84949472145,3ce4533c-0304-4ab4-8a22-0eb72caf31fc
2-s2.0-84949472145,b4ee69df-99d3-43cf-9f79-de0a90e8aaf8
2-s2.0-84948465589,a3025685-f44b-4b41-bd77-329d43146705
2-s2.0-84948465589,f61d9903-f79b-4a99-9e06-9b481e8cd183
2-s2.0-84948465589,976b71e6-7a21-41ad-a712-57fa7e3bcacf
2-s2.0-84923999814,f1d72f4d-3db0-4a8e-be05-bca84fd0b4e7
2-s2.0-84923999814,6599a283-29e1-4d32-b7b0-eff14b006a60
2-s2.0-84976524460,07e7f670-e371-4128-a8db-09a7fac8d47c
2-s2.0-84976524460,7d6080a5-29a0-4c59-a7df-4da1e8d6390b
2-s2.0-84951284607,3243ba6d-b3cb-4230-bead-73e4579d0e90
2-s2.0-84951284607,97ded8ba-494d-4814-843b-175185449722
2-s2.0-84951284607,1a396f71-da36-4670-852c-64c4bd4219f9
2-s2.0-84957065589,e45aae4c-5eee-4606-90af-0d31c37e6c3c
2-s2.0-84957065589,5f387029-6077-461b-83f9-064d4ac17361
2-s2.0-84932173755,9770d17b-eba1-45c2-8937-e635549a7297
2-s2.0-84896394540,f39dda5f-1409-4baf-9270-7303693e1495
2-s2.0-84896394540,2be70508-22e4-44ae-bbd8-adf088a2a8c9
2-s2.0-84896394540,a13ac2c1-7f61-4e41-b408-6c8f49119c5d
2-s2.0-84928739473,ca6f9c3d-ad59-4bf8-84af-615562d9864b
2-s2.0-84928739473,3fbbdea4-b4fb-40cd-a803-313dcfa4be69
2-s2.0-84938966349,a028b619-627a-4f48-934a-bd2828ff47c4
2-s2.0-84942279069,14697b5b-1c1f-4086-8f17-b03fd133155a
2-s2.0-84957070301,2bf6b289-9eac-47e6-9bcb-3534960259aa
2-s2.0-84964057619,826faa04-ae04-420e-900e-bd50ae220c31
2-s2.0-84885457783,a9d4adfb-09ef-488d-9d65-bab53498180d
2-s2.0-84885457783,478962f5-45d6-4004-b51d-fdea791c91ac
2-s2.0-84885457783,2f4115c5-5ab8-4a6e-99e3-b8dfb070bf72
2-s2.0-84885457783,72b6c2f2-0f4c-4d2c-bba1-d49dbcd2d834
2-s2.0-84976449636,eca92f0b-8ad2-429c-8ee7-b57a639fcc34
2-s2.0-84976449636,ada404ce-b85a-44c5-a427-60bb303b1fe5
2-s2.0-84976449636,184a1704-3b04-41ea-a4a7-a0cb0e0ae2ac
2-s2.0-84902547001,76216b4c-c3be-44a6-842d-d46ab090334e
2-s2.0-84890435572,2b17278d-3aee-4989-b7d8-86c94773ae4f
2-s2.0-84890435572,2ecf56d6-37f4-41e2-b645-4d8ef17c2692
2-s2.0-84890435572,1291f4cd-e1bf-4164-a13b-3c748116dc9f
2-s2.0-84957083560,bd5287cf-590f-40df-943c-6a8ed51e46c4
2-s2.0-84939130787,7659284a-f7c2-48d3-a90c-2dc646a1e470
2-s2.0-84959461582,d3d468ed-efb1-4aa0-9c41-ac8b1bbbcfac
2-s2.0-84959461582,33abb225-7fa6-4ece-b939-3501d9ec9be3
2-s2.0-84908619466,8ba63f37-8cb3-48b0-89e5-2b20d0fe6d3e
2-s2.0-84908619466,8be301c3-a490-4294-91e3-fbdd4a299563
2-s2.0-84908619466,2cb383e2-df29-43fa-925a-077024ea88c0
2-s2.0-85008386248,1c1d24c5-88b3-4cdd-bdf0-df49494c25e3
2-s2.0-85008386248,ec9f3adf-83e6-4e00-af9b-2b474e05b95a
2-s2.0-84888336724,2a9fa3df-218a-4473-a23e-b8509727ae5e
2-s2.0-84888336724,4820c559-bf42-424c-b686-c3f34b965643
2-s2.0-84888336724,86f27d21-42bf-4316-9b4b-613b08aafe67
2-s2.0-84907571430,195efa43-25c9-41d1-9085-44d0d030bbd7
2-s2.0-84907571430,57c02cfc-27e7-4a94-93d6-4541f15ed490
2-s2.0-84907571430,e13b0235-d769-4bd8-8282-fdad50294fc1
2-s2.0-84907571430,a57be8c7-4c59-4d39-a8a4-a80095a808b3
2-s2.0-84979947918,6bac1a1e-58c3-41f6-8ad8-2e4bea24f961
2-s2.0-84979947918,eb3af1bc-bdeb-4d08-8a00-fe4ad37f3293
2-s2.0-84979947918,5058d8d5-3855-4444-a4c6-876667b7cb61
2-s2.0-84896849261,7bc4f2c1-0fd3-47ad-b78e-5de8ae3d6957
2-s2.0-84896849261,eaeb8f5b-1fcc-4b6a-a09e-444b67ff8713
2-s2.0-84956908664,70b5f814-e89b-4933-be56-a06227b5789e
2-s2.0-84956908664,c2c0093a-3d94-4e36-accf-3a7f86c84fa0
2-s2.0-84908223594,9cc25186-b86d-40a3-9ddd-037ffabfa3c5
2-s2.0-84908223594,9d8b1ac0-16dd-40d8-aca0-9216ffc06f5f
2-s2.0-84940765972,c61bb9d2-7f63-44eb-8ecd-d7373eda1833
2-s2.0-84940765972,e4ec2fe1-eb9c-42d0-84b2-767b55cd2215
2-s2.0-85027917290,60be01ac-3f6b-4a62-b303-27d93b1bd010
2-s2.0-85027917290,be894c76-bc1f-4a00-b2f0-fed19d7c2f88
2-s2.0-85027917290,86714a0b-a1f0-4fc7-b25f-d55b34eae015
2-s2.0-84892751577,f658eed5-4668-4f98-9075-90745855edde
2-s2.0-84936936770,e45aae4c-5eee-4606-90af-0d31c37e6c3c
2-s2.0-84936936770,5f387029-6077-461b-83f9-064d4ac17361
2-s2.0-84883712497,4b2a1075-6614-4bb4-b181-8d5f5a6d7689
2-s2.0-84960482019,849f5a96-d063-452a-b494-6df8c9f2f6f8
2-s2.0-84911488448,f45b8a1a-e17f-4df3-95e4-7e03e9f7382b
2-s2.0-84911488448,81de4a20-e9c0-4085-bd30-d12bd4481eeb
2-s2.0-85019155003,0d6bf5ea-2ff5-437a-aa0d-b28e5ce8145d
2-s2.0-84897476485,9398793d-dcc0-4c40-8945-90c837804371
2-s2.0-84897476485,91a61d55-c061-4495-9d99-f421b724c5fc
2-s2.0-84897476485,4d5cd3ca-d28f-4db4-8252-a68262cf1e20
2-s2.0-84897476485,724141cf-e495-419c-b81a-7ffb69f226d7
2-s2.0-84897476485,b7d4b34d-9ca7-4b34-92da-9e7c0e7c6772
2-s2.0-84897476485,dde1f8b1-e17b-4c6f-a23d-ec4d53c7143f
2-s2.0-84979729299,ba3b5a36-8335-4f02-959a-a9a53b79a21a
2-s2.0-84945977356,e09917cf-4555-4986-b9fc-df777d33c718
2-s2.0-84945977356,69366401-89e6-4db0-97a2-b14ef1b032e1
2-s2.0-84945977356,ea98e6d6-e49e-41e5-a737-48cfd350fd7f
2-s2.0-84919363688,c4c1e508-c6bd-4a13-a792-c56ef20c3b4d
2-s2.0-84956632805,39435613-38c5-4801-b249-12eb8054e585
2-s2.0-84940024286,0faf41cd-27e8-42d9-b94d-fac59f8fad7a
2-s2.0-84940024286,d286271e-f040-4542-b6eb-18f94e020142
2-s2.0-80053187534,e25009fe-7ca4-49b5-9ae6-c525dcafaa4c
2-s2.0-84864314923,da7b1ceb-8e93-4d13-99f8-503123cc0a5c
2-s2.0-80053224124,691f6b73-0866-4568-8f85-8109be46c3ff
2-s2.0-80053224124,6548fa22-4b67-4c70-816c-0db8b0810802
2-s2.0-84859445326,9fadfac2-4232-485a-8092-c17530165eac
2-s2.0-84859445326,2684b067-22f8-4f61-91e2-4eb62530e594
2-s2.0-84859445326,05c19d10-80a9-4d45-895d-32cb17f30d38
2-s2.0-84859445326,64b11d56-f30e-42e9-8047-38641d9c972c
2-s2.0-84859445326,d551106a-65a7-40ae-af39-976db3d5bb45
2-s2.0-84859445326,ef46806f-a3c2-4b7c-9707-f3e791bddc16
2-s2.0-84859445326,2a8a0ed0-a2b0-461f-89fb-7c83d9e1f813
2-s2.0-84859445201,d15607c6-7b6a-4fae-9d87-eb0c3bafe5cb
2-s2.0-84875413887,36c4bb30-6741-4a49-ba15-2d6c47229d45
2-s2.0-84863444888,f8b384ec-1f71-4820-84bf-307dd26e5bd0
2-s2.0-84863444888,0505a2f1-df7e-4305-8808-62cb52c8e333
2-s2.0-84863444888,cacb0c7b-79f7-4c5c-92ea-4dbe97618060
2-s2.0-79957727184,a034d4e5-4e68-45a8-b664-8783e0b08256
2-s2.0-79957727184,e1e0b8b4-d60f-4b75-83d6-c7e8a6ab3aae
2-s2.0-84879021178,43488b46-4e93-448c-845c-cd4d3c2b81ac
2-s2.0-84875206771,e66a6b54-caec-449e-bf7e-a10541ac09e5
2-s2.0-84875206771,39d8802c-4474-4520-a0a8-1c76b6d211e4
2-s2.0-84875206771,edae7046-a424-4b60-b3ef-4a860c5a81b2
2-s2.0-84857030497,8dcc2d6e-5bc4-452f-91e1-4a9ccf5c0d83
2-s2.0-84857030497,8e4f2ce8-8548-4a0d-91b1-58fbe0cc0446
2-s2.0-84857030497,cdaacf53-a966-4c4b-9b12-71366d5743a9
2-s2.0-84866909315,1a045637-d41f-4bd7-95f8-4ee2f771685d
2-s2.0-84866909315,5fe9f2c7-c3e9-456a-9148-0d58bda276e8
2-s2.0-84866909315,1c7fb456-0988-45e5-afc2-c08c6749107e
2-s2.0-84866909315,f2cdbe46-a042-4fcb-b18b-3289aae97169
2-s2.0-79956152582,a016d372-0a06-4271-bcdb-0d9d2463c5fb
2-s2.0-79956152582,de93659f-083e-41c0-b5b1-fcd6428ed9d7
2-s2.0-78651227095,58a49de3-470d-43cf-b375-8368c99b1400
2-s2.0-84873079192,86bc53b5-5d90-45f8-b42e-02f4ce2ce4df
2-s2.0-84873079192,51ea0093-1b5d-440e-b7cf-269012a1e530
2-s2.0-84873079192,4471f501-c504-4ca3-bba2-46b379c6c475
2-s2.0-84873079192,6a554d46-e8a9-449d-8553-cc1db9155c10
2-s2.0-79956348934,ff0b7f62-4f6a-45fc-ad96-628e6d92e69d
2-s2.0-79960561019,814ba60f-3813-4aff-a113-d784b4297a80
2-s2.0-79960561019,891a5eb5-163f-4634-9408-39dc21f7e7d8
2-s2.0-79952225953,74343892-1b8e-4041-b7e6-1cf8e35f2f28
2-s2.0-77955546969,235d0dd9-ac86-460c-bdf4-1bc9b384e832
2-s2.0-77955546969,88db2152-c5ba-4cf5-9a7b-62ed02d8bee9
2-s2.0-77955546969,86bac2cf-3be6-4276-8ed4-1973e182acc4
2-s2.0-84881153451,c5130e15-e145-4213-b245-435a5dd46171
2-s2.0-84881153451,51d574f4-4a75-468b-ad2a-6ba6263876f6
2-s2.0-84881153451,b81af694-5837-4d12-b738-928193416ec3
2-s2.0-84867498808,deb28bad-3b82-4df0-822c-77e903c2d65f
2-s2.0-84885082353,f2e9d2e9-7940-4655-ac83-37aeecf2e895
2-s2.0-84862759209,81b5ecd1-2ccc-4e27-8b60-b5a40caf44fa
2-s2.0-77955944983,deee6093-2713-4c93-80d1-524e0ce900b3
2-s2.0-77955944983,51dfd7bd-4150-48b5-a20a-98682b0cd3b9
2-s2.0-77955944983,1d974fb0-3ecc-4b59-8c9f-6c4a3ce2df0b
2-s2.0-84878751197,e3a0cd8b-a02b-4d6e-83da-842126ce1d94
2-s2.0-84878751197,187fa086-5f80-46a4-92bc-e2cad29ced67
2-s2.0-77953127901,fa04a6f4-a265-4b51-a521-223eb30d5539
2-s2.0-77953127901,de4865c8-bc3f-479a-8f78-395ad8db3f55
2-s2.0-84856565394,a18dc282-c932-4a1e-a7a1-8dc6d16ea458
2-s2.0-78650382320,9b3f242c-8a4a-401e-93ca-d20fff527bd5
2-s2.0-77949839764,df4df383-4919-47bb-a11f-1f1642f2a342
2-s2.0-78650022517,3dfd93ea-1e81-4def-ad71-9b5976b28c4f
2-s2.0-84876283636,3cdf2e78-bc6f-45e8-a2ab-343b68bd17bc
2-s2.0-84876283636,25996ee6-50c4-49a1-8c94-c5e6bcae5df6
2-s2.0-84873499842,b730e1f2-7e6b-443d-9085-36254ea670be
2-s2.0-84873499842,304aa92e-1647-47ba-a742-2cade131383c
2-s2.0-84881058369,24af8ca8-a8a7-4e2d-9e3a-f54ba17a4a85
2-s2.0-84881058369,28dc115d-5578-4b37-b8fe-be5caaaa76ee
2-s2.0-84867094213,78ebe735-697a-4e3e-b855-f15755b2f153
2-s2.0-77956057945,0143d7b4-cd0a-4adc-8942-ecb02d112d33
2-s2.0-77956057945,ce041f80-adff-4180-9641-972a690e3222
2-s2.0-84879711254,108cd051-94bf-4eb3-a0f7-d2514bb37217
2-s2.0-84879711254,55605b62-7d72-40e6-9189-6b5d6e4a1843
2-s2.0-84879711254,2c425693-1d51-4671-9fcc-f422dc385456
2-s2.0-84879253787,826faa04-ae04-420e-900e-bd50ae220c31
2-s2.0-84865222020,3c40f40d-14ba-4781-b48c-418407610e88
2-s2.0-80053456440,db312ee7-35dd-4535-95fe-05a29328865b
2-s2.0-80053456440,fd08c802-3ed4-4009-862c-56a52304883c
2-s2.0-80053456440,c89dc3a4-d9c8-4c42-8660-a0e77e166d95
2-s2.0-84861569722,46d72f0d-9a0f-46c3-a7dc-1f8979f37b9a
2-s2.0-84861569722,e2853a04-cf8a-4fc6-8277-f47945708746
2-s2.0-80053545553,6363a1da-a193-4583-affb-0184b067ec4c
2-s2.0-80053545553,f9359e89-9941-42d4-9ba6-d34bd1006722
2-s2.0-84866937279,a54192ed-a8cf-4860-b743-9c923d9c23dc
2-s2.0-84875581937,6efa5d0e-f3a8-4bc5-b256-cb6621d6c329
2-s2.0-84875581937,9f3d3424-e058-44cb-a31c-d5dfeac687d2
2-s2.0-84875581937,d51486fd-867b-4602-83b6-d456af3d6743
2-s2.0-84875581937,bb250d76-8038-4756-b2a2-b9d0bf82d526
2-s2.0-84870004519,24f30518-bc21-478b-9485-3a5e2d6e97d8
2-s2.0-84870004519,32c83cd3-e550-436c-b5b9-a3678c7563ca
2-s2.0-84870004519,83bf3fec-aa94-4185-afb7-bbe554499310
2-s2.0-84870004519,1c295913-b958-4ec6-88d3-3a49a8aafdfb
2-s2.0-84870004519,4d8682e2-b3e4-413e-bfd2-76e3d9a62007
2-s2.0-84870004519,72caecdb-ff8d-4ae8-a602-949e884abe5b
2-s2.0-84870004519,809c0fb5-c3e6-4c56-ba18-df8fd192845d
2-s2.0-84870004519,1ae0d4fe-b8ad-46bc-ae99-c31a6414157e
2-s2.0-84870004519,299547e2-f2b1-464a-9379-0d1106de2cb4
2-s2.0-84862504058,258c5b25-1026-461c-b9a3-eed9c81b03ea
2-s2.0-84859037265,68bca528-d99a-4090-ae27-81da2e7d880c
2-s2.0-77954502564,92dad08a-0f9a-4b72-b235-d64771455e6a
2-s2.0-77954502564,65ac409e-bfe4-49fd-ae29-5041b5221a47
2-s2.0-77954502564,d88f0403-2294-451e-a715-40ba7bfdbb59
2-s2.0-77954502564,9d3e81a3-49c5-48a0-875b-baed2c75846b
2-s2.0-77954502564,aaf810dd-774e-4eaa-99e8-d9ca6a7a2aaa
2-s2.0-77954502564,4d48ba54-13ae-45b6-af70-f94147facbfd
2-s2.0-80053076847,cff1a4c9-96ec-4d12-a634-f8a2f67e0354
2-s2.0-80053076847,4a554162-ea73-4920-a03d-f56e4b57d525
2-s2.0-80053076847,33607fee-99f3-410f-be60-b3a736bd7606
2-s2.0-84875876155,3aa39e57-a38f-425a-b7fb-a51555dc7fdd
2-s2.0-84875876155,3676c03f-1907-4dd6-a479-30b6600f8f9e
2-s2.0-84875876155,3d889e4f-c4cc-4d7d-9f26-c7e972b73b87
2-s2.0-84875876155,28a32736-8953-491b-bc70-5c4d2cdfccf3
2-s2.0-84863695834,f74dd4c2-e06b-445d-a9ec-70b013bc5645
2-s2.0-84871417305,0bd3ca5c-0af8-4c57-8244-d7908f320238
2-s2.0-84871417305,2f0a7870-fc22-4b3c-b43a-ae6166ace128
2-s2.0-84871417305,97ac7eb3-d804-45ff-a811-676bd1b59ccd
2-s2.0-84860182370,20d8b327-87bd-4825-b548-a5b69e1fef7d
2-s2.0-84873994362,b4e67f80-ca72-4637-bc77-8d0b7e9e3413
2-s2.0-84873994362,62e5db2d-e6c6-476b-939d-51fbf94a4cb0
2-s2.0-84873994362,44c31dba-3529-4807-bcc6-b04c656d2673
2-s2.0-84873994362,d7a91ab0-09ae-4b70-9ceb-f5e9f070c28e
2-s2.0-84873994362,ef984e76-9a04-4dbd-b63e-627966022e2c
2-s2.0-84873994362,0992fb8a-2e2a-4cae-92e2-040a3c02ac5f
2-s2.0-84873994362,5649595d-2ee5-4d54-b998-1154b801e999
2-s2.0-84873994362,0a712a66-91a7-4101-8dda-c03108b289a6
2-s2.0-84873994362,3e76f88c-e8a5-47f5-a57d-f8e7457f5c87
2-s2.0-84873994362,4c76e568-e7bc-4062-b0cb-406de37c76df
2-s2.0-84873994362,ee67a72a-4d88-45be-bce3-fc0c842a19d1
2-s2.0-84873994362,8a33fb97-296a-4ac4-a052-08c186834c22
2-s2.0-84873994362,199c8e16-02aa-4d57-834f-c1efa6b6b4f4
2-s2.0-84873994362,f1cfeeb0-c3ae-4ca6-b109-65a9f3527d9f
2-s2.0-84873994362,f7c9dc6b-c375-4e39-baa8-f07af2d6cdc8
2-s2.0-84873994362,64f8354b-b927-46e4-97c9-4b61bea4d920
2-s2.0-84873994362,6633dfd3-74dc-411b-a6eb-0140ac38a671
2-s2.0-84873994362,7f203af8-fcb3-4fc5-a47e-e6aa55398e65
2-s2.0-84873994362,ac5bfa1c-838a-42b9-a9e7-76bb7fd5ccd8
2-s2.0-84873994362,5d782e2e-32c9-421d-93ad-933c944ab221
2-s2.0-84873994362,48d7c930-e326-487f-8ceb-16cb5c1f071d
2-s2.0-84873994362,69be1984-768a-4827-a539-4dd8943e7c56
2-s2.0-84873994362,1b42e15f-82a7-4906-ac92-ff74a47e7b9e
2-s2.0-84873994362,2877c16b-7147-499e-aebe-64bff0516319
2-s2.0-84873994362,905b7ccf-b6cf-435c-8fbe-4f1bfa1faa7a
2-s2.0-84873994362,a5f62e56-ee06-44a7-84d4-8fc165032f6c
2-s2.0-84873994362,a4d05bf1-eb5d-42e9-a934-0dc3b82aa4c1
2-s2.0-84873994362,3359640f-12f0-48d8-b63b-29a71491a9f4
2-s2.0-84873994362,57b52cf1-7d90-4d6a-8b31-de82c54974b2
2-s2.0-84873994362,8c5336c5-7886-428c-9c6b-7b6dfad280b6
2-s2.0-84866451835,de93659f-083e-41c0-b5b1-fcd6428ed9d7
2-s2.0-77954050781,2db02c45-c08a-4769-a9e9-660fe858f0af
2-s2.0-84855445273,25c91f94-b066-43fc-ae54-6833aece78df
2-s2.0-84855445273,5c3f0c6d-8d98-4695-8c68-21816bb10247
2-s2.0-84855445273,ae16751b-d084-420b-a268-1af73776c87d
2-s2.0-84855445273,e82b96d8-4af3-4882-b1e1-22d7ac9ebde6
2-s2.0-84855445273,cad6a0ce-b733-4a38-b251-475eb4ea5d4f
2-s2.0-84855445273,baa835f7-d457-4211-9d46-4fc1b6a9db63
2-s2.0-77956095809,ecb9f22b-1580-4a6b-b6a7-f82323f9f8fe
2-s2.0-77956095809,c9be46a7-50a2-44e5-a26c-ee14c8541ca6
2-s2.0-77956095809,ce459575-8adb-4565-aec8-3cb7547f1c5b
2-s2.0-79952406769,df87563e-91c8-4d5a-98bb-51de20de1ad7
2-s2.0-78650238192,8d8851eb-dc66-4959-a16a-3dd3fea84178
2-s2.0-77954670214,d967b345-185b-4c1f-ba4c-fad1a72497f6
2-s2.0-73449123051,cfe3330f-592d-4d23-84f4-1ead4b04a879
2-s2.0-59949098600,56de27ab-555f-441a-a071-bef3cdbbd1a8
2-s2.0-41249087769,901cc3b5-b4f3-415a-bf01-e4e8fd457157
2-s2.0-41249087769,a79ee83e-58f3-4208-9298-dd0cc36f56e6
2-s2.0-41249087769,9b5c68cd-6a6b-4fbb-ac9c-cfff0c291880
2-s2.0-1842683936,09efa7b0-9156-44b9-a911-5059e516a509
2-s2.0-72249084509,5a359cf9-0159-4fb3-b506-c3f63fc2d804
2-s2.0-29144433462,535f961c-3deb-41c9-96bc-5cc165e88a50
2-s2.0-67949093021,e9176890-88da-49ab-8bf5-33aed2e5766f
2-s2.0-67949093021,bfdbb08f-c6fc-488a-8bdb-048095cb7c65
2-s2.0-40849100222,57aea076-3b60-47f4-b751-dca3314dd029
2-s2.0-40849100222,7a3f4217-49d5-451e-a973-85b462a14cf1
2-s2.0-40849100222,246a3da0-40ef-4361-a3fe-0f6e047806e8
2-s2.0-40849100222,96194ffa-9848-4e69-acea-99dbb01e6093
2-s2.0-21044444792,0624a932-1986-4020-bf1f-1696f1886bce
2-s2.0-7244229800,0597c3b0-5aa5-4700-a670-7736fae49dac
2-s2.0-7244229800,95d6286b-b650-4d49-995c-0e7a7508bde2
2-s2.0-74249096225,860c7d79-5c18-4e87-9dd7-62a0c917b619
2-s2.0-74249096225,df43542d-e6ea-42b8-be82-902eb40c7f40
2-s2.0-74249096225,8cec5a16-0bbe-49d0-a871-89a2ca8012ac
2-s2.0-33646104921,d8a9bc4c-cfa4-4ac5-b213-0cbef24be54a
2-s2.0-73849103557,f812ec76-9a8c-4be9-ab36-afdf0a5d3f88
2-s2.0-73849103557,29bf1932-7dcb-4b28-9c17-af61a030b8d5
2-s2.0-70349947243,d312201a-db98-49b2-a032-e338777bd234
2-s2.0-70349947243,30e18c6a-269c-4358-9008-c9472a45a9e4
2-s2.0-70349947243,3c3acc1b-8b7b-4a26-90f0-4b523e4634b3
2-s2.0-84989220702,e0eb6c91-ccde-471f-8004-b52923f10dc5
2-s2.0-84989220702,8d1a31a2-86a3-45e8-9d61-ece2c44ebfea
2-s2.0-33748882448,c07e4aa6-643f-4a31-ab71-6a9ed920de29
2-s2.0-56949093520,ac221f36-b072-4efe-a234-cb6d6cfca81c
2-s2.0-71049173352,0fa5e124-b90b-4d7a-88eb-d9f7feb1eaf1
2-s2.0-71049173352,08322991-433a-48d6-bd08-81852dc048a7
2-s2.0-71049173352,a739f63c-ff05-41ed-8559-73a785fccac7
2-s2.0-71049173352,fcd26c2f-de52-4cf4-8b87-8c2b54e3d107
2-s2.0-71049173352,74b4d9f1-25a5-40b3-96f0-bfdc1d32f939
2-s2.0-77958022833,5659e0af-ea2f-4f90-9a9a-e29b96cd9acc
2-s2.0-33748665250,593280c3-de8c-4650-971c-ca1b7ed964ac
2-s2.0-33748665250,a3ed6652-0f53-42cf-8fd9-275714d72a92
2-s2.0-29844454548,574a1664-b9ec-4eff-add6-a9d299b36cdf
2-s2.0-29844454548,31b41cce-9c42-4965-aabd-1d0c083f810b
2-s2.0-59949103836,54730e08-f55b-4849-915f-ca12f0864a97
2-s2.0-45849099406,701d269a-8928-4b44-97be-3eb3fea80431
2-s2.0-40449143078,682ebcd3-321c-4a09-986f-9bd1e218e614
2-s2.0-11244343928,041be880-80e8-49f1-9984-f742cb183f2e
2-s2.0-11244343928,8f87de50-672a-4854-9f77-a3f571c31e73
2-s2.0-70349952435,a5b0c09b-57c6-4d4e-80a1-37cc99fb7d8d
2-s2.0-70349952435,2f88b34c-19b5-4092-8fa9-c87c139c3612
2-s2.0-70349952435,443920c3-0be6-48ea-9611-9c1d10f42f79
2-s2.0-70349952435,1bd391b5-ddfa-423a-8bb4-157ff072d851
2-s2.0-33749031305,ae8352a7-bc79-49c9-b650-b90b7de43e75
2-s2.0-33749031305,2f650915-cb87-4dfe-9e08-9e76ac66fe7c
2-s2.0-77149160649,b0fe5de9-7174-4e51-bd6a-620728674bca
2-s2.0-78049434008,baad87e8-6d5f-4354-9690-de4e978cea82
2-s2.0-78049434008,0ce9449d-cc97-4aa6-8504-becf0fbbf5f1
2-s2.0-34948853234,c95b8666-a68a-4e7a-9546-37085c34ec9e
2-s2.0-40549093604,92035cad-e136-4499-968d-8b2f1b8e8cc3
2-s2.0-77950534451,c72c87d9-fd13-40f9-b794-72c68532bbaf
2-s2.0-34250708057,cabc701f-727e-45a9-88cf-37b9e5341890
2-s2.0-39449120718,e34f1418-5b38-4552-aba1-747926639d24
2-s2.0-0037284740,a821df74-ec9e-44ed-bd4f-753b1860f2fa
2-s2.0-0037284740,3c4c9756-0e45-4262-8fbb-2970905e90a1
2-s2.0-77954484542,b7b3a175-1abf-4198-8fa0-79dbfe78f67c
2-s2.0-34548496881,595cf87d-d3f8-4a48-a04c-481841a5d197
2-s2.0-7944227786,417a67ee-1887-4d21-b6b6-a8c0a7419ec1
2-s2.0-65249145967,4f198110-b553-4ad1-ae0e-d89303b8ff53
2-s2.0-50549088031,5f592161-1ee0-48f9-9fad-75953ddc4fbd
2-s2.0-69249240207,e2ac4c60-fdcd-4c18-be65-a72a583c479d
2-s2.0-69249240207,4f45d85d-5608-4ccc-9c7d-8764fd025191
2-s2.0-68949220410,27229fbd-b216-49fc-abd8-afce539d9dab
2-s2.0-68949213207,72171c96-1537-4dde-9dc3-d2babc03b9d5
2-s2.0-0344100107,0d851f7b-59b2-4d2e-97dc-5b98741e4527
2-s2.0-0344100107,3a07f790-ea7c-4a76-8846-aa7c116fbe2f
2-s2.0-33646229520,49930e63-b3e4-448f-b0c6-31e3aee54b01
2-s2.0-33646229520,5383f740-65cb-4e6f-b54a-46d05fa689b9
2-s2.0-37049039676,6c05ad64-8f93-4644-b88f-1b6488c20968
2-s2.0-37049039676,bf8caf47-100d-4f55-8017-bdaa4dc939d0
2-s2.0-24944534016,756d05a2-72c2-4704-963d-5bba47e463f2
2-s2.0-24944534016,c353ba50-a798-425b-86ce-952dec49057a
2-s2.0-34250380240,de7fbd72-790a-49a1-a6b9-ce92b3354b98
2-s2.0-75449113475,c6431155-b9b0-461b-b36b-7dcdeaf39fbc
2-s2.0-75449113475,e6a7beb8-42e1-4383-a50b-2d4ad5fe620f
2-s2.0-75449113475,e9a631d8-9b82-4eaf-b33b-2d1a8808e436
2-s2.0-43749122356,3be993a9-3367-4ee9-84ea-250110facf7f
2-s2.0-43749122356,2f2144af-e897-4517-b276-981476632444
2-s2.0-84996505783,a349f6cc-35ce-4e8f-ab86-28b6dacc63fc
2-s2.0-84996505783,22891f12-6bd0-4760-a597-cdab04b30e26
2-s2.0-33646718419,b3ed402e-0ec0-4808-8fa8-11b956da80d5
2-s2.0-1942502879,e4ff9137-1792-429f-b00f-646663212e7c
2-s2.0-1942502879,814b707a-46c1-48b6-8cea-352159d826b5
2-s2.0-67649968808,70a13350-2524-441f-8474-05c7415d7a95
2-s2.0-33846117747,d166e507-7c4f-4aac-ae66-78c8730ef45c
2-s2.0-4344678918,0d0895b3-fa2c-491d-be5f-ff48630b5a7a
2-s2.0-4344678918,c97d9cd2-95e6-4358-a6c6-95fabe9d5ea2
2-s2.0-10144253726,787fe04b-0e36-4bd3-9c82-6bfa2b7d9fa4
2-s2.0-58049128906,e249f56c-bf65-4ad5-8713-36f0bbad497a
2-s2.0-58049128906,2654ff51-6a18-42bd-b72e-a2197632992a
2-s2.0-73949093671,de93659f-083e-41c0-b5b1-fcd6428ed9d7
2-s2.0-49649086372,353d0be2-2511-47b9-a730-51621cac4223
2-s2.0-49649086372,b84579dd-bb8f-462a-b3af-67ac3d680f07
2-s2.0-49649086372,87ea0832-48bc-4712-99e1-40f7720eb6ed
2-s2.0-42149092987,e85935d5-99df-4469-b273-daa238ce6a6e
2-s2.0-42149092987,1077806c-8c07-48ee-bb29-704c19728432
2-s2.0-42149092987,4d3d6561-8b4d-44e3-8849-6647faa85a75
2-s2.0-42149092987,6a3c0680-114c-48cc-8d85-bb02bf401c7a
2-s2.0-37849010046,af93e126-d170-493c-b611-e695db099a42
2-s2.0-70349138104,df43542d-e6ea-42b8-be82-902eb40c7f40
2-s2.0-70349138104,4468085e-5b1c-452d-b29d-2563b8932bef
2-s2.0-70349138104,860c7d79-5c18-4e87-9dd7-62a0c917b619
2-s2.0-70349138104,1015191f-faaa-4126-8b8f-ae0cac0cff75
2-s2.0-66149171357,47a63bcb-2654-4491-8d2e-eb083a0326d1
2-s2.0-66149171357,29dbc8a3-0d8b-473a-ab89-dfc91efac4e2
2-s2.0-66149171357,81f68c30-deb0-41a7-9bdc-25669f8a8792
2-s2.0-53249122104,65e5b306-11fc-4fc4-acf0-f5c38ba33760
2-s2.0-70349668949,806bf780-4a34-4f2e-9cae-0af684adcc7e
2-s2.0-64949112719,e8d93f0b-8798-464b-83d7-9b2c9a0b8205
2-s2.0-27544478127,ad4b7330-3059-4895-bf6b-f43376eb03e5
2-s2.0-27544478127,b017f7c4-9465-4702-8712-7ccacded3e19
2-s2.0-0031924353,ca534254-f60a-4f82-91d4-4e1068ed82b9
2-s2.0-0031924353,bd30ffdf-eb05-49f3-9838-4edfe5ebfac5
2-s2.0-0036120199,e65c3a6e-b70b-4985-80b0-a94b2f5d87ed
2-s2.0-0030435248,1c44cc33-fde3-4793-90ed-e8c95f47b513
2-s2.0-0030435248,b060dac5-962f-4db7-a572-af481ff984f8
2-s2.0-0032401891,5bb53643-aaa0-4437-a50b-9e309eeb6a84
2-s2.0-0032401891,a13f5ed1-9347-4582-adae-5edb0e6ab1be
2-s2.0-0036642460,11f7a211-1991-41fc-9ce4-484b62ecd09e
2-s2.0-0036642460,7e7c8fa6-25f4-42fe-ab6d-294590b4c401
2-s2.0-0036642460,0d2c5417-b71a-4843-ab9e-6d7146d542c8
2-s2.0-0033515191,807e57ca-e029-4d28-a265-173a1d51df29
2-s2.0-0033515191,2b27cdb3-3aa8-40b8-b0df-84db04881a62
2-s2.0-0346312299,4ee54ff3-4d53-4fd4-9511-21b7ff8c569b
2-s2.0-0346312299,a0c1f46d-dc5a-4bd7-85eb-6389b3237dde
2-s2.0-0028794779,43b840b1-c300-4279-8797-07bc98198382
2-s2.0-0031827855,9bcc8a13-8426-47c0-89e2-16ecfc26e878
2-s2.0-0031827855,6f082c90-7377-4ce5-9617-2a1cd31b0919
2-s2.0-0344991691,debf96ea-cd20-4d85-b60b-838b5af3ebbd
2-s2.0-0032865308,63e1da95-718e-4b80-b480-d4938abebcd5
2-s2.0-5344229374,43220079-1088-4111-bbdd-adf0a26f12aa
2-s2.0-0032894814,89ac1557-07ec-485b-8885-8f753ca26e4c
2-s2.0-0025675186,64ca7fe3-8903-4e7f-ad8b-c2641e165634
2-s2.0-0000235611,fdae8a3b-7180-4b97-bfce-b131808d8a03
2-s2.0-0000235611,2ae75ff9-7443-4b9f-b191-14e673257b93
2-s2.0-85057411663,4648e129-a8e8-4363-b851-399a28b47e84
2-s2.0-0032416572,70c71535-71e2-4cf2-b3e2-e832e2deb4e2
2-s2.0-0032928507,62532569-cd44-4eac-80e3-71c09991532f
2-s2.0-0032445697,d96ab9d1-391b-45fd-b997-4e667eadd3e4
2-s2.0-0026122594,49062e30-1f75-4d73-9c56-a7f9c742c1ab
2-s2.0-0026122594,04c9a413-6f3d-4d83-92b5-751aca867f56
2-s2.0-0142196607,f8df71a3-b4e8-44d3-9917-7473fd90a644
2-s2.0-0142196607,56623479-78bd-4517-b2b8-5d8eb78d0a29
2-s2.0-6844224534,74e0ea87-224b-43a9-b1f4-26bff2842931
2-s2.0-0036844359,c452a262-5323-4d0c-89dc-1872b371d8fc
2-s2.0-0036844359,46e67453-3843-432c-9cf4-5ae39dad3bea
2-s2.0-0033512742,40412ca2-2413-4c56-a0c1-7e56a21f3668
2-s2.0-0031436236,5e59ea83-3725-4021-a9ab-69ebbf827ac6
2-s2.0-0026788434,fdae8a3b-7180-4b97-bfce-b131808d8a03
2-s2.0-0026788434,e0c79eab-f79d-4713-9ba7-2b04404ddb3d
2-s2.0-0036806968,ce0a3b95-cc0b-4fdb-9c03-dcc10ff312d0
2-s2.0-0036769833,f9cf09d5-3a34-4649-a4fe-2b29b2388008
2-s2.0-0032446098,5b553f6b-c6a6-44fc-ac92-0cd19e8c47bf
2-s2.0-0032446098,fe1a99b2-d02a-44e4-9da9-9afb4d8830b6
2-s2.0-0032446098,988f254e-8772-4e61-ac4b-6ee0659d897a
2-s2.0-0032812246,bef0298a-af13-415e-aa2e-058bd8842fe9
2-s2.0-0031390774,18a3537b-0da8-481b-85cf-25dbea595e91
2-s2.0-0030811343,cd61227e-fcf4-4c39-a67f-d90dda13d23a
2-s2.0-0030811343,93181d0f-b73d-4240-9fd3-9b501edf486c
2-s2.0-0030317371,5ba7d553-a67a-4b15-ab26-ec24c2f4d25d
2-s2.0-84946316948,e91a13ef-3da7-4801-b9cc-80a3b2f13970
2-s2.0-0037002018,d5eed578-2eef-45d4-9a6f-28be8304e94a
2-s2.0-0034024444,e2192466-6e9a-4d80-af1a-a0ef7b3e69f0
2-s2.0-0034024444,7d02f38e-bbfa-48a7-b0d7-9d9bcc660b9a
2-s2.0-0026665655,14e4e9dc-5089-4365-bbce-ca5865a8215d
2-s2.0-0030324787,28080eb5-828c-4a36-a1dd-17a5cbc33ead
2-s2.0-0036964226,890088d2-8a88-4175-9014-a682c1fe203c
2-s2.0-0032450223,e1266c3d-79b7-4f15-a93c-5ef11665839b
2-s2.0-0032450223,8389a1fc-8fec-4ed5-9f35-7dd63d96da98
2-s2.0-0031728731,14b75542-4d08-4149-8e61-74531f794c3f
2-s2.0-0025243117,64ca7fe3-8903-4e7f-ad8b-c2641e165634
2-s2.0-0031839777,76629f61-de1d-4005-9a33-7225c196e31e
2-s2.0-0031839777,3e5b070c-1bff-4ab4-990a-1213207f206f
2-s2.0-0031839777,2109ff4f-f406-49ad-afab-7f76bde729a0
2-s2.0-0036814871,2c9c5fca-26b4-4cd4-97bc-502c89cb73eb
2-s2.0-0030617632,71b4c604-bd06-4c2b-9a43-b1d2a4d0e4ad
2-s2.0-0031826430,357afb37-843b-47d5-b604-df68d156040b
2-s2.0-0032081470,9df69199-8592-4854-aef8-a5d97fe77257
2-s2.0-0028179919,64ca7fe3-8903-4e7f-ad8b-c2641e165634
2-s2.0-0027130582,a0427960-5059-4caf-86d6-1b9f8e8b661a
2-s2.0-0027130582,dfeb9d55-53d4-413e-b17b-60167632904a
2-s2.0-84983212569,14e4e9dc-5089-4365-bbce-ca5865a8215d
2-s2.0-0028978311,64ca7fe3-8903-4e7f-ad8b-c2641e165634
2-s2.0-18744391452,481d9eec-d022-4104-9b55-fbf27330e9d6
2-s2.0-0032538086,82dd1dd2-7cfb-4d1f-a906-556fa6d58017
2-s2.0-0347648811,b240c21d-b0af-42ad-b560-abc1f3b70b9c
2-s2.0-0025661789,4524a71c-57b0-4f56-b536-def6d2f85931
2-s2.0-0036210348,92a1cc10-5938-40a0-b936-3ef342872151
2-s2.0-3242789243,daae8f3e-8271-4a78-9fee-74b43223262c
2-s2.0-3943072492,b8e22d49-d079-4c50-bfd5-5ca2cb049c96
2-s2.0-0033128744,6d0fa404-5759-4dc5-af6a-70444313cb02
2-s2.0-0344737018,9e8eced1-fc7e-4d7d-a238-c695b57eb348
2-s2.0-0344737018,ed5481a9-581f-4c54-9ebc-89e4dfd5c6fb
2-s2.0-0037636082,603ad29d-8428-48f6-b823-e0c12ef0911d
2-s2.0-0037636082,56d1e978-f752-477c-9024-ec016377f298
2-s2.0-0034990303,4dd2b282-df12-44ff-953a-be608693eb15
2-s2.0-0025779269,98d192fa-c235-43a8-b5cc-b7f3509a6a34
2-s2.0-0025779269,4203bdd6-513a-455c-83b7-04211d7bc222
2-s2.0-0025779269,fd8e2f1e-9d55-43d2-8b8e-01a97cc633ea
2-s2.0-9644252593,718cab0f-8cc5-430d-b372-d3a0f94a087c
2-s2.0-0031859478,54654f98-dc91-4992-8fc3-d3db10fdb7a0
2-s2.0-0035585527,f30cee7c-6b4a-4289-a9f0-6d2d008bd0e1
2-s2.0-0000315214,7a9b98ab-3afb-4348-96fe-e6aeae92bf1d
2-s2.0-0000315214,b91606ae-2435-4d00-b27a-abdc86f5ad66
2-s2.0-0020801855,63c104cb-f86a-4665-8088-bf40c44a8eef
2-s2.0-0003183732,fcac4aaf-5e1f-4332-b9a9-dd72c0f9cca4
2-s2.0-0009808156,5c32c286-8b00-4de2-8de3-e8739e802b01
2-s2.0-0024187150,76bed99b-635a-4059-adc2-82590120de29
2-s2.0-0016346168,ce491882-36e7-48de-a958-ac5c3f900ae3
2-s2.0-0015021039,a571a7dd-1a78-4cf7-82b2-616f3ba9b291
2-s2.0-0037765642,daf519ae-cdf9-43a9-ab53-298ca47d0692
2-s2.0-0242655861,4a70a336-b02f-4571-9568-a256e77a9338
2-s2.0-0040172390,aa485aaf-af8c-4610-8448-af230745f55a
2-s2.0-0022618248,33d63ae6-1653-4997-8e2d-13110491d1f1
2-s2.0-0022618248,1bcc5183-edb4-431e-9089-c8bf39d63cd3
2-s2.0-0022618248,0b8c4508-9b5f-4e09-abc2-b46090550836
2-s2.0-7044271318,fcac4aaf-5e1f-4332-b9a9-dd72c0f9cca4
2-s2.0-0014330669,0fc2eebc-a021-4848-9c5c-8a98c8d96dac
2-s2.0-0014330669,93e03942-1eb7-477f-b478-34d704e20e98
2-s2.0-0015896355,98d192fa-c235-43a8-b5cc-b7f3509a6a34
2-s2.0-0041694377,7b0ced13-51fe-4075-a771-3567310fda1d
2-s2.0-0001179009,3c1f5eec-ee85-4985-be8e-68731ca1ac0a
2-s2.0-0040832144,55d50385-c564-4338-b380-4acdd2129f2c
2-s2.0-0001632412,befc1055-1fb6-42a6-b4a5-e905a7ab07fa
2-s2.0-0014448184,9f32b45f-dc1f-4321-9502-b48e09262167
2-s2.0-35148890186,73e859df-c9e9-48b0-a095-3b7f75e10a04
2-s2.0-0040172385,f75fce53-0ce9-45e7-af9d-0c3970692c67
2-s2.0-0023738066,11cd16b5-e3b2-4817-9223-4dd16c18c928
2-s2.0-0042193634,46d6b98d-b7d8-4c61-bf14-348f34c87de0
2-s2.0-0001664683,69fe71bf-199f-4825-93e6-4d1f5e81d3d1
2-s2.0-0009403013,daf519ae-cdf9-43a9-ab53-298ca47d0692
2-s2.0-0009403013,afcef180-33f3-4ad2-b3e4-f97dafe44589
2-s2.0-0008675771,2a496c39-c7e8-4ca9-91e3-f93cba884fd9
2-s2.0-0015507622,6427c801-6556-4a3c-b09f-018e49ad8898
2-s2.0-0015507622,103ffdbe-0bb1-439d-83b8-bc4fd7283524
2-s2.0-80052520395,e2c2dacb-6e82-4f03-8466-4d9c1d09e561
2-s2.0-85167455270,e319ea38-3ff9-48e5-a2da-d19cc71ff320
2-s2.0-85167455270,8be4dbfd-630b-4e0b-8af3-d2eb2ae05edd
2-s2.0-85167455270,508cb8e2-76e0-4509-8476-8f45f45bf902
2-s2.0-85148499783,572f7678-4324-411a-9de1-6bb032e7fe94
2-s2.0-85182585366,74b24fc9-c674-4f0e-ba91-2c6da38843f5
2-s2.0-85182585366,c9214588-b2f4-4790-b6f7-a6b089990cd7
2-s2.0-85171882975,04df86d7-9cad-447b-8db6-aae37e9bf1e1
2-s2.0-85171882975,e350cb3f-c180-475f-82fd-198730823bb8
2-s2.0-85140784043,d229e4e9-75f4-456e-ab52-33100fc7ba2a
2-s2.0-85119128816,ed4b7c7f-7d58-466c-9dbe-7bf14c7536c7
2-s2.0-85109605639,7e37762b-ff8f-49d4-acf0-4e09db28c301
2-s2.0-85109605639,4fd66201-7337-4e66-a934-3f52c4313def
2-s2.0-85109605639,e0b88099-c2ec-4184-a13c-3395b974b337
2-s2.0-85114601419,08b9f65c-dbee-48f1-91df-b656fe1a8d1f
2-s2.0-85098866029,9b3c7f47-251a-4ba6-85c9-6cfcfc35c4a9
2-s2.0-85096052320,949ba2ba-904c-481e-b63d-6f9fe6ddd3c3
2-s2.0-85096052320,b46edaaa-b445-4b76-80f6-69b3a5286a76
2-s2.0-85102586306,3c8a83fb-8168-4cb7-8bc2-885b02335214
2-s2.0-85064930583,77eddb43-0a85-466c-bccf-034c4ea416b1
2-s2.0-85064930583,5f8dea67-795e-4151-81b8-82588ccfe156
2-s2.0-85064930583,e8ebc556-73bb-4062-8d95-0d5aabfade02
2-s2.0-85064930583,47353fa6-6145-40c9-8080-9a16577c9a19
2-s2.0-85064930583,c8083b31-461e-4c8c-b038-9ede8c146e57
2-s2.0-85081885801,638b850d-dca4-43ff-afeb-db274997ded7
2-s2.0-85081885801,98ba8e3a-7ca4-459b-b96a-8228d102b313
2-s2.0-85051411485,56587ece-2db0-4fcf-a164-1e31bad069c2
2-s2.0-85051411485,42be8b92-2372-4c29-9ba9-10d793b66697
2-s2.0-85051411485,fc8bc95d-6961-4292-84f2-298faa7c9619
2-s2.0-85051411485,db4b3301-3e83-480c-b706-a9bb15499894
2-s2.0-85051411485,69d34dda-ca8b-4841-9fd3-3cf590a1ae58
2-s2.0-85051411485,923ce564-eb00-49b6-9f97-494ccf0a7148
2-s2.0-85051411485,c84c7180-77ee-4d80-87d6-9aeadd026b94
2-s2.0-85051411485,b242f931-01ba-4134-ad2e-d86184a6e82e
2-s2.0-85053710020,285de65a-76f5-4110-b8a9-c1bc22b3ad27
2-s2.0-85046838355,d5274c83-3b44-4541-ab1f-e7d3c3bc4f20
2-s2.0-85046838355,52491664-3aa8-4d60-b7ce-2a74bf3294a5
2-s2.0-85014783797,d37abd8d-3f8c-4438-ab2b-f29af4543882
2-s2.0-85037036444,80a0eb7c-6e89-45a6-b2c9-cf5ea367b811
2-s2.0-85037029979,98752f58-f915-4d8a-b27d-99e477872970
2-s2.0-84885234946,5a4be78c-cf1a-480a-8f58-674c9b244390
2-s2.0-0034813950,f0b786bb-3be4-4521-89b9-9b91bdec53ab
2-s2.0-85176763287,144eff3e-071a-46c7-a1e6-4b2bbb45206e
2-s2.0-85158168245,d02a6b1e-0ca5-43ca-8987-49a0dec9b093
2-s2.0-85158168245,5071546d-0e83-4fc0-9c8a-4062be9a9f87
2-s2.0-85132367328,30ea85d1-052e-4c56-ae67-e4517556b63d
2-s2.0-85132367328,9eaeb2f6-2900-4db1-b916-cc787d958f88
2-s2.0-85132367328,b3d5c971-269a-47f6-8439-cf467a21eace
2-s2.0-85072110008,eb71114a-dcf0-4178-ad37-e90440be9b3a
2-s2.0-85050287380,4a873eab-a6f9-4b30-8647-fc9093b38f3b
2-s2.0-85032269993,d44d5aa5-3bd9-42b2-be9a-7cb5b5ecce83
2-s2.0-84875168835,2cf864c2-4486-46a1-adf3-5cef1da85f85
2-s2.0-79957464876,855e4e3a-3c6e-4791-b7f4-0e18683942c8
2-s2.0-33746644189,91fd4aed-86bf-4256-8670-0a0b70e00739
2-s2.0-0035660836,f5133b8f-1866-4e43-be8a-3be0e812c18b
2-s2.0-0040362328,1db478e0-88dc-434a-852c-39f96a56ed96
