avaliacao_id,acao_conservacao_id
1,0
1,1
2,0
2,2
2,1
3,0
3,1
4,0
4,2
4,1
5,1
5,0
6,0
6,2
6,1
7,0
7,1
8,0
8,3
9,4
9,5
10,0
10,6
10,1
11,0
11,1
12,5
13,0
13,1
14,0
14,1
15,1
16,1
17,5
18,0
18,1
19,5
20,0
20,1
21,1
22,1
23,1
23,0
24,0
24,1
25,1
25,0
26,5
27,0
27,1
28,0
28,7
28,1
29,0
29,1
30,5
31,5
32,5
33,0
33,1
34,1
35,0
35,1
36,1
36,0
37,1
37,0
38,0
38,1
39,0
39,1
40,0
41,0
41,1
42,1
43,0
43,1
44,0
44,1
45,1
46,1
47,1
47,0
48,0
48,8
48,1
49,1
50,1
51,0
51,1
52,0
52,1
53,1
54,1
54,0
55,5
55,9
56,10
56,0
56,11
57,5
58,10
58,0
59,10
59,0
60,10
61,10
62,10
63,10
64,1
65,5
65,4
67,5
68,9
68,9
68,5
69,1
69,8
70,0
70,1
70,1
71,1
71,1
72,0
72,1
73,1
73,12
74,1
74,0
75,1
75,0
76,10
77,10
78,10
79,10
79,1
80,1
80,0
81,1
81,0
82,10
83,10
84,10
84,0
85,10
85,0
86,13
86,1
87,10
87,14
88,1
89,3
90,1
91,1
92,1
93,1
94,3
95,1
96,3
97,1
98,1
98,0
99,1
99,1
100,1
100,0
101,1
102,1
102,0
103,10
103,0
103,14
104,1
105,10
106,15
106,0
106,16
107,10
107,0
107,17
107,7
108,1
109,1
110,10
110,14
110,7
110,0
110,18
111,3
112,10
112,7
112,0
112,17
113,1
113,0
114,1
115,1
116,1
117,10
117,0
117,7
117,17
118,1
118,19
119,3
119,16
120,1
121,1
121,0
122,1
122,0
123,1
124,10
125,0
125,17
125,10
125,14
126,1
126,0
127,1
128,1
128,0
129,1
129,12
130,10
130,14
130,0
131,10
131,12
132,1
133,10
133,16
133,0
134,20
135,10
135,1
135,11
136,10
136,0
137,1
137,13
137,16
137,21
137,18
138,22
139,10
139,0
140,10
141,10
141,0
142,10
142,0
142,13
144,10
144,0
145,10
146,10
146,7
146,0
147,10
147,13
148,1
148,0
149,10
151,10
152,10
152,1
153,1
153,10
153,0
154,10
154,0
155,23
156,1
157,10
157,1
157,24
157,16
157,0
158,1
160,10
161,1
161,25
162,9
162,5
163,3
164,5
165,5
166,9
166,5
167,22
168,9
168,9
168,26
168,9
169,15
169,15
170,5
170,9
171,3
172,5
173,5
174,9
174,5
175,15
175,3
175,3
175,15
176,5
177,3
178,5
179,9
179,9
179,9
179,5
180,27
180,9
181,15
181,15
182,6
183,5
183,9
184,5
184,9
184,9
185,5
185,4
186,9
186,5
187,9
187,5
188,5
189,5
190,5
190,28
191,9
191,5
192,9
192,9
192,9
192,9
192,5
193,5
194,5
195,5
196,9
196,9
196,5
197,9
197,9
197,5
198,10
198,0
199,10
200,1
200,0
201,1
202,10
203,10
203,0
204,1
204,18
205,1
205,0
206,0
206,1
207,5
208,5
209,5
211,10
212,5
212,9
213,9
213,9
213,5
215,2
216,10
217,0
217,1
218,2
219,1
220,1
221,5
221,9
222,1
223,29
223,30
223,5
224,5
225,1
228,1
229,1
230,5
231,22
231,9
232,5
232,9
232,9
233,5
234,5
234,9
235,1
236,1
237,5
237,9
237,9
238,6
239,9
239,26
239,9
239,31
240,22
241,0
241,10
242,22
245,9
245,5
246,22
247,22
249,5
250,9
250,5
251,1
252,5
252,9
253,0
254,1
255,22
256,5
256,9
257,22
258,22
259,5
260,9
260,5
261,5
262,5
263,9
263,5
263,4
264,9
264,5
265,22
265,9
266,5
268,5
268,9
268,9
268,26
269,22
269,9
270,5
270,9
271,9
271,5
272,22
273,5
273,9
274,5
275,1
275,1
275,1
275,10
275,0
276,15
277,22
277,9
279,22
280,22
281,5
281,9
281,9
282,22
283,22
284,22
284,9
285,22
286,1
287,22
288,5
289,1
290,5
291,1
292,0
292,1
294,1
296,9
296,5
297,5
298,9
298,5
298,4
299,9
299,5
300,32
300,5
300,4
301,5
301,9
301,9
301,26
301,4
302,9
302,5
302,4
303,5
304,10
305,5
306,1
307,9
307,9
307,5
308,22
309,5
309,9
310,22
311,9
311,5
312,5
313,5
314,5
316,22
317,5
317,9
318,22
319,9
319,9
320,22
321,22
321,9
322,22
323,22
324,5
325,5
325,9
326,5
327,1
328,5
329,32
329,22
330,5
330,9
331,22
332,22
333,9
333,5
334,5
335,5
336,5
336,9
337,5
337,9
338,5
339,5
341,1
342,1
343,1
344,1
345,1
346,1
346,0
347,1
347,0
348,1
348,0
349,1
350,33
351,1
351,0
352,1
352,0
353,1
354,1
355,1
355,0
356,1
357,1
358,1
359,1
360,1
361,1
361,0
362,1
363,1
363,0
364,22
365,1
365,1
366,1
366,0
367,1
368,1
368,34
369,9
369,5
370,1
371,9
371,5
372,5
372,9
372,9
373,22
374,5
376,5
377,1
377,35
378,1
379,5
379,9
379,9
379,9
380,9
380,5
381,9
381,5
381,9
382,9
382,5
383,9
383,5
385,1
386,9
386,5
387,9
387,5
388,1
389,9
389,5
390,5
391,9
391,5
392,5
392,9
392,9
392,9
393,1
393,2
394,1
395,1
396,9
396,5
397,1
397,1
398,5
399,9
399,9
399,5
400,1
401,1
402,22
403,1
404,9
404,5
405,1
405,0
406,1
407,10
408,9
408,5
409,15
410,15
411,15
412,10
414,22
415,15
416,15
416,3
417,15
417,0
418,3
419,3
420,22
421,15
421,3
422,3
423,22
425,5
425,9
425,9
426,9
426,22
427,1
428,1
429,3
429,0
430,3
431,15
432,1
433,1
434,22
434,5
435,9
435,9
435,5
436,9
436,5
437,5
437,9
437,9
438,22
439,3
440,3
441,1
442,5
444,9
444,5
445,1
445,25
445,24
445,17
447,9
447,5
448,5
449,1
449,1
451,1
451,25
452,1
453,1
453,0
454,1
455,1
456,1
457,36
458,1
459,10
460,15
461,3
461,3
462,1
463,10
463,1
464,15
465,15
466,3
467,15
468,15
469,15
470,10
471,3
472,3
473,15
474,15
475,15
476,15
477,15
478,15
479,5
480,15
481,22
482,3
482,15
483,10
484,9
484,5
485,22
486,3
488,3
488,0
489,1
489,12
490,1
491,1
492,22
493,1
494,1
495,1
496,10
497,1
499,1
501,1
502,1
504,9
504,5
505,1
505,0
506,3
507,25
507,1
508,1
509,1
510,1
511,22
511,5
512,22
512,5
513,22
515,5
515,9
515,9
515,26
515,9
516,25
516,1
517,5
518,5
519,27
519,9
520,2
521,1
522,1
523,5
523,4
524,5
524,9
524,9
526,5
526,9
526,9
527,9
527,9
527,31
528,5
528,9
528,9
529,3
530,9
530,5
531,22
531,5
532,5
532,9
534,5
535,15
535,0
536,5
536,9
536,9
536,9
537,6
537,0
538,5
539,6
540,22
541,15
542,5
543,9
543,5
544,5
544,37
545,5
545,9
545,9
546,22
546,36
547,22
547,36
548,22
549,38
549,39
550,25
550,40
550,1
551,23
552,0
552,39
554,1
554,0
555,1
555,0
556,1
556,0
557,0
557,1
558,0
558,10
559,22
560,22
561,1
561,0
561,1
562,22
563,22
564,22
565,39
565,0
566,1
566,0
567,0
567,1
568,1
570,22
571,22
572,1
572,0
573,22
574,1
575,1
575,0
576,1
576,0
577,1
578,1
578,0
579,1
579,0
579,10
580,10
580,7
580,0
581,1
582,22
583,22
584,1
584,0
586,22
587,1
587,0
588,22
589,10
589,1
590,1
590,0
591,1
591,0
592,1
592,0
593,1
594,5
595,1
595,0
596,5
597,5
598,5
599,1
599,0
600,22
601,9
601,5
602,1
602,0
603,22
604,5
604,26
605,5
606,5
607,22
607,5
608,5
609,5
609,28
609,9
610,5
610,9
611,1
612,22
612,32
613,33
614,10
614,0
615,10
615,0
616,5
616,9
617,22
617,32
618,5
618,9
618,9
618,9
619,5
619,9
620,32
621,5
623,5
623,9
624,32
625,5
625,9
627,41
628,5
629,1
630,1
631,1
633,0
633,10
634,1
634,0
635,5
636,5
637,5
637,29
638,22
638,31
638,42
638,32
638,43
639,9
639,9
639,44
639,26
641,2
642,10
642,45
642,17
642,13
643,10
644,2
644,13
645,2
646,10
646,13
647,7
647,10
647,46
647,47
647,40
647,13
647,17
648,13
648,2
648,1
648,1
648,0
649,13
649,1
650,2
651,2
651,17
652,1
652,17
653,10
653,13
653,45
653,47
654,2
654,10
654,1
654,13
655,0
655,1
655,10
656,1
656,17
657,17
657,1
657,14
658,10
658,2
658,3
658,0
658,18
658,13
659,48
659,26
660,10
660,17
661,10
661,1
662,1
662,13
663,45
663,49
663,50
663,12
663,2
663,10
664,10
664,17
665,45
665,17
665,10
665,1
665,51
665,1
665,52
665,53
666,54
666,0
666,1
666,17
666,55
667,14
667,1
667,13
668,2
668,17
668,56
669,2
670,2
670,1
670,17
671,2
671,17
672,2
672,10
672,1
672,17
673,10
674,2
674,10
674,17
674,0
675,2
675,13
676,1
676,45
676,45
676,13
676,17
676,0
677,2
677,10
677,1
677,13
678,1
678,13
678,17
679,2
679,13
681,5
681,36
681,36
682,2
682,10
682,1
682,13
682,17
683,2
683,13
684,1
685,1
685,0
686,1
687,0
687,1
688,1
688,0
689,1
689,1
690,57
692,1
692,0
693,1
693,0
693,12
693,16
694,10
695,1
695,0
696,10
696,1
697,10
697,1
698,0
698,1
699,22
700,10
700,0
701,1
701,0
702,1
702,0
703,0
703,10
703,10
703,1
704,10
705,1
706,1
706,0
707,1
707,0
708,10
709,1
710,1
711,5
712,32
713,5
713,9
713,9
714,5
714,4
714,26
715,32
715,32
715,22
716,5
716,4
717,9
717,9
718,22
718,5
719,5
719,4
720,9
720,5
720,4
721,10
721,7
722,10
722,58
723,1
723,10
723,49
724,15
724,58
724,0
725,10
725,17
726,10
726,0
727,1
727,10
727,0
728,10
728,17
729,50
729,17
729,10
730,10
731,9
731,26
731,9
731,32
732,22
732,41
733,10
733,7
734,1
735,1
736,1
736,0
737,1
737,0
738,1
738,0
739,1
740,1
741,1
742,1
742,0
743,0
743,1
744,1
745,1
746,1
746,0
747,10
748,1
749,1
750,0
750,1
750,10
751,1
752,10
753,1
753,10
754,1
755,3
756,1
757,1
757,0
758,22
759,22
759,22
761,1
761,0
763,3
765,10
765,0
767,1
767,0
768,1
768,10
770,3
771,1
772,1
772,0
773,1
773,0
774,1
775,1
776,1
776,0
776,15
778,22
779,0
779,15
780,1
781,1
781,0
782,1
782,0
784,3
785,1
786,10
786,0
787,3
788,0
788,10
789,1
789,0
790,3
790,10
790,0
790,17
791,3
791,0
792,1
793,1
793,0
794,1
794,10
794,0
794,17
795,3
795,0
796,3
797,3
797,0
799,3
799,0
800,3
801,10
801,58
802,15
802,0
803,1
803,0
804,10
804,0
804,14
805,1
805,0
806,10
806,0
807,0
807,1
808,0
808,1
809,1
810,1
810,0
811,10
811,0
812,3
812,0
813,3
814,3
815,32
815,22
815,32
815,32
816,1
817,1
817,0
818,1
819,1
819,0
821,5
821,9
822,0
822,1
823,3
823,0
826,10
827,22
828,1
828,38
828,10
829,1
829,0
830,15
831,39
832,1
832,0
833,10
834,15
835,15
836,15
837,15
838,1
839,1
839,0
840,0
840,1
841,15
841,0
842,1
843,1
844,1
845,22
846,5
846,9
846,9
847,22
848,59
849,5
850,0
850,1
851,22
852,0
852,3
853,5
853,9
853,9
854,5
855,5
857,32
857,22
857,32
857,32
858,60
859,32
859,22
859,32
859,32
860,32
860,22
860,32
860,32
861,22
861,9
862,22
862,9
863,15
864,1
864,0
865,20
867,15
868,22
869,22
870,3
871,1
871,0
872,1
873,1
873,10
873,0
874,9
874,5
875,9
875,5
876,9
876,5
876,9
877,3
877,0
878,1
879,1
879,0
880,10
881,1
882,3
883,1
884,1
884,0
885,5
885,4
886,39
886,25
887,15
887,1
887,58
888,10
889,1
889,10
889,0
889,17
890,10
890,0
891,15
891,38
891,0
892,1
892,0
893,1
894,3
894,0
895,3
895,0
896,0
896,1
897,1
897,0
898,10
898,0
900,1
900,0
901,10
901,0
902,1
902,0
903,1
903,0
904,1
905,10
905,0
907,22
908,10
908,0
909,0
909,10
910,1
910,0
911,1
911,1
911,0
912,1
912,1
913,1
914,10
914,0
915,1
915,0
916,1
916,0
917,22
918,0
918,1
919,0
919,10
920,1
920,0
921,1
921,0
922,1
922,0
923,1
923,12
924,10
924,0
925,1
925,0
926,1
926,0
927,1
927,0
928,1
928,0
929,1
930,10
931,1
932,1
932,0
933,32
933,22
933,32
933,32
934,1
934,0
936,1
937,10
937,3
937,0
939,9
939,5
939,9
940,22
940,32
940,32
940,32
941,9
941,26
941,9
941,5
942,32
942,22
942,32
942,32
943,9
943,26
943,5
943,9
943,32
944,9
944,9
945,32
945,32
946,5
946,9
946,9
946,26
947,0
947,1
948,10
948,0
949,32
949,22
949,32
949,32
950,32
950,22
950,32
950,32
951,1
951,0
952,32
952,22
952,32
952,32
953,9
953,5
954,9
954,26
954,5
954,9
955,9
955,5
956,9
956,61
956,5
956,9
957,10
957,0
958,10
958,0
959,10
959,0
960,32
960,32
961,10
961,0
962,5
963,5
963,9
963,32
964,5
964,28
964,9
965,9
965,5
966,3
966,0
967,1
967,0
968,22
969,10
970,1
970,10
971,1
971,25
972,39
972,25
974,22
975,39
975,25
977,39
977,25
978,1
978,25
979,1
979,25
980,39
980,25
981,1
982,1
982,25
983,1
983,10
984,1
984,0
985,39
985,25
986,10
987,1
987,25
988,22
989,15
989,25
990,0
990,1
991,39
991,25
992,39
992,25
993,39
994,39
994,25
995,39
995,25
996,39
996,25
997,1
997,0
998,39
998,25
999,39
999,25
1000,1
1000,0
1002,1
1002,1
1002,0
1003,1
1005,39
1005,25
1006,39
1006,25
1007,39
1007,25
1008,39
1008,25
1009,39
1009,25
1010,1
1011,22
1012,1
1012,1
1013,1
1013,0
1014,1
1014,10
1014,0
1015,1
1015,10
1016,1
1017,9
1017,9
1017,9
1017,5
1017,26
1018,1
1018,25
1019,25
1019,1
1020,25
1020,39
1021,33
1022,1
1023,1
1023,0
1024,10
1024,49
1025,1
1026,10
1027,10
1027,0
1028,10
1029,10
1029,0
1030,22
1031,1
1031,1
1032,1
1033,1
1033,10
1034,1
1035,1
1036,5
1036,9
1036,9
1036,4
1036,31
1037,32
1037,22
1037,32
1038,22
1038,9
1039,32
1039,22
1039,32
1040,5
1040,9
1040,9
1041,32
1041,22
1042,10
1043,1
1044,1
1045,1
1045,0
1046,5
1046,9
1046,9
1046,9
1047,5
1047,9
1048,5
1048,9
1049,1
1050,5
1050,9
1050,9
1051,5
1051,9
1052,5
1052,9
1052,26
1052,9
1054,1
1055,1
1056,1
1057,1
1058,1
1059,1
1060,1
1060,0
1061,39
1061,25
1062,10
1063,1
1063,0
1064,1
1065,0
1065,10
1065,1
1066,0
1066,1
1067,1
1067,10
1067,0
1068,10
1069,10
1069,0
1070,10
1070,0
1071,10
1071,0
1072,10
1072,0
1073,10
1073,1
1073,0
1074,10
1074,0
1075,10
1075,0
1076,10
1076,0
1077,10
1077,0
1078,10
1078,0
1079,10
1080,10
1080,17
1080,1
1080,1
1081,1
1081,0
1082,10
1084,10
1084,0
1085,1
1086,10
1086,1
1086,0
1087,1
1087,0
1088,10
1088,0
1089,1
1089,1
1090,1
1090,18
1092,1
1092,0
1093,10
1093,0
1093,18
1094,18
1094,10
1094,0
1096,10
1097,10
1098,1
1099,10
1100,1
1101,0
1101,15
1102,10
1102,0
1103,39
1104,39
1104,25
1105,1
1107,10
1107,0
1108,10
1108,0
1109,22
1110,39
1111,1
1112,1
1114,18
1114,1
1114,0
1115,10
1115,0
1116,1
1116,7
1117,10
1117,0
1118,10
1118,0
1119,10
1120,10
1120,0
1121,39
1122,39
1122,25
1123,1
1124,1
1125,1
1126,10
1127,10
1128,10
1129,10
1130,39
1130,25
1131,9
1131,5
1131,32
1132,10
1133,1
1133,0
1134,1
1134,0
1135,1
1136,1
1137,1
1137,0
1139,1
1139,0
1140,1
1141,32
1141,22
1141,32
1142,1
1143,22
1143,32
1143,32
1143,32
1144,5
1144,9
1145,1
1146,1
1146,0
1147,9
1147,5
1147,28
1148,1
1149,1
1149,0
1150,0
1150,10
1151,25
1152,32
1152,22
1152,32
1153,9
1153,5
1155,0
1155,1
1156,1
1157,25
1157,1
1157,1
1157,10
1158,3
1158,25
1159,1
1159,25
1161,10
1161,3
1162,15
1162,3
1163,1
1163,17
1163,0
1164,22
1165,3
1166,22
1167,1
1167,0
1168,1
1168,0
1169,22
1170,1
1170,15
1171,1
1171,0
1172,22
1173,36
1173,22
1174,10
1174,1
1175,10
1175,0
1177,22
1178,22
1179,1
1179,17
1179,0
1180,22
1181,22
1182,10
1182,1
1182,0
1183,22
1186,1
1186,1
1186,0
1187,1
1188,1
1188,0
1189,1
1189,0
1190,1
1190,1
1191,1
1191,0
1191,17
1192,10
1192,1
1193,1
1194,1
1194,0
1195,1
1195,0
1196,1
1196,0
1198,10
1198,1
1198,0
1199,1
1200,22
1201,1
1203,22
1205,1
1206,22
1207,1
1208,1
1208,0
1209,1
1210,1
1211,1
1211,0
1212,1
1213,1
1215,36
1216,1
1216,0
1217,22
1218,22
1219,3
1219,0
1220,10
1220,1
1221,1
1222,22
1223,1
1223,0
1224,1
1225,22
1226,1
1227,1
1227,0
1229,1
1229,0
1229,17
1230,22
1231,1
1231,0
1232,1
1232,0
1233,1
1233,0
1234,1
1235,1
1236,10
1236,12
1236,10
1237,10
1237,10
1238,10
1239,1
1239,25
1240,10
1240,10
1241,1
1241,17
1241,0
1242,10
1243,10
1244,22
1245,9
1245,5
1246,1
1246,25
1247,10
1247,0
1248,29
1249,1
1249,25
1250,1
1250,25
1251,1
1251,25
1252,62
1252,5
1252,9
1252,4
1252,61
1253,5
1253,9
1253,9
1253,4
1254,22
1254,36
1254,9
1255,10
1255,25
1256,5
1256,9
1256,26
1256,4
1257,33
1258,63
1259,1
1259,25
1260,1
1260,2
1260,45
1262,60
1262,64
1263,32
1263,22
1263,32
1264,5
1264,62
1264,32
1265,9
1265,5
1265,36
1265,29
1265,32
1266,29
1266,5
1267,22
1268,22
1269,5
1270,10
1271,5
1271,27
1271,9
1271,26
1271,9
1272,5
1272,9
1272,9
1273,5
1273,29
1274,5
1274,9
1275,5
1276,10
1276,1
1277,9
1277,32
1278,9
1278,9
1279,22
1280,22
1281,1
1281,25
1282,5
1283,5
1283,9
1283,9
1284,22
1284,9
1285,9
1285,5
1286,22
1286,9
1287,5
1288,1
1288,25
1289,22
1289,9
1290,5
1290,9
1290,32
1291,5
1292,10
1292,25
1292,25
1293,10
1293,1
1293,25
1294,26
1294,36
1294,5
1294,9
1294,32
1295,1
1295,10
1295,0
1296,9
1296,5
1296,4
1297,32
1297,22
1297,32
1298,5
1299,5
1300,10
1300,25
1302,1
1302,25
1303,9
1303,27
1303,26
1303,9
1304,1
1304,12
1305,1
1305,12
1306,10
1306,0
1307,1
1307,0
1308,1
1308,0
1309,10
1310,1
1310,0
1311,1
1311,10
1311,0
1312,5
1312,9
1312,9
1314,9
1315,5
1317,5
1318,22
1319,5
1320,5
1320,9
1321,5
1322,22
1323,22
1324,22
1324,32
1325,5
1325,9
1326,22
1327,5
1329,9
1329,5
1330,1
1330,12
1332,12
1332,1
1333,9
1333,5
1334,12
1334,1
1335,1
1336,1
1337,10
1337,17
1337,38
1338,1
1338,10
1338,17
1338,0
1339,17
1339,10
1339,1
1340,1
1340,17
1340,0
1341,0
1341,1
1342,1
1342,0
1342,17
1343,10
1343,65
1343,1
1344,1
1344,0
1345,0
1345,14
1345,1
1346,5
1347,0
1347,10
1347,17
1347,65
1347,1
1348,1
1348,21
1349,1
1349,17
1350,5
1350,9
1350,5
1351,0
1351,1
1351,10
1352,1
1352,0
1353,0
1353,1
1355,0
1355,17
1355,1
1356,10
1357,21
1357,17
1357,1
1358,0
1358,65
1358,17
1358,21
1359,5
1360,10
1360,17
1361,0
1361,17
1361,1
1362,0
1362,1
1362,10
1363,36
1364,1
1364,1
1365,17
1365,1
1365,10
1366,1
1367,0
1367,1
1367,14
1368,17
1368,14
1368,1
1369,38
1369,10
1369,17
1369,34
1370,0
1370,10
1371,0
1371,10
1371,1
1372,0
1372,17
1372,1
1373,17
1373,1
1373,10
1375,0
1375,1
1376,1
1377,10
1377,1
1378,1
1380,1
1381,1
1382,21
1382,1
1383,17
1383,1
1384,17
1384,10
1386,0
1386,17
1386,1
1387,17
1387,0
1387,1
1388,0
1388,10
1388,17
1389,7
1389,17
1389,1
1389,10
1390,14
1390,0
1390,10
1390,34
1390,16
1390,1
1391,0
1391,14
1391,1
1392,5
1393,5
1393,36
1394,5
1394,9
1394,36
1394,66
1395,5
1396,0
1396,10
1396,7
1396,17
1396,1
1397,5
1398,0
1398,25
1398,10
1398,14
1399,5
1399,9
1400,5
1401,0
1401,14
1402,17
1402,21
1402,1
1403,10
1403,21
1403,14
1404,10
1404,0
1404,17
1405,0
1406,5
1406,9
1407,0
1408,0
1413,0
1413,17
1414,1
1415,0
1416,0
1418,0
1419,0
1419,17
1420,0
1420,1
1421,10
1422,1
1422,0
1424,9
1425,5
1426,12
1428,10
1429,0
1429,21
1429,10
1429,17
1430,10
1430,0
1431,21
1431,10
1431,14
1432,10
1432,0
1432,21
1433,10
1433,0
1434,0
1434,21
1434,10
1435,0
1435,13
1435,1
1436,0
1436,1
1437,5
1437,36
1438,1
1438,0
1439,1
1439,21
1439,0
1440,21
1442,0
1442,1
1442,21
1443,21
1443,1
1444,1
1444,21
1445,1
1445,0
1445,21
1446,1
1447,5
1448,17
1448,0
1448,10
1449,10
1450,1
1450,8
1451,1
1451,10
1451,7
1452,1
1452,8
1452,51
1452,17
1453,1
1453,10
1454,1
1454,10
1454,17
1455,55
1455,17
1455,10
1455,1
1455,1
1456,1
1456,1
1457,1
1457,0
1457,21
1458,1
1459,1
1459,1
1459,10
1459,21
1460,1
1461,1
1461,10
1461,17
1461,8
1461,14
1461,45
1462,1
1462,10
1462,65
1463,1
1463,17
1463,0
1463,1
1464,36
1464,5
1465,1
1465,21
1466,1
1467,1
1467,7
1468,21
1468,1
1469,1
1469,21
1469,0
1470,1
1470,10
1471,1
1472,1
1472,52
1472,0
1472,17
1473,1
1473,10
1473,17
1473,65
1474,1
1474,21
1475,10
1475,1
1476,1
1476,10
1476,14
1476,17
1477,10
1477,14
1479,10
1479,1
1479,17
1479,14
1480,10
1480,1
1480,17
1480,0
1480,14
1481,17
1481,10
1481,1
1481,14
1482,10
1482,0
1482,14
1484,10
1484,14
1485,10
1485,17
1486,17
1486,10
1486,14
1487,17
1487,10
1487,1
1489,1
1489,10
1489,0
1490,0
1491,1
1491,10
1491,1
1492,10
1493,10
1494,0
1494,1
1495,10
1496,10
1497,10
1497,17
1498,10
1498,0
1499,10
1499,0
1500,10
1500,1
1500,7
1500,0
1501,7
1501,10
1501,0
1502,0
1502,17
1502,10
1503,14
1503,3
1503,10
1504,17
1504,10
1505,17
1505,10
1505,0
1506,10
1507,10
1507,17
1508,10
1508,17
1509,10
1510,67
1512,67
1513,5
1514,1
1515,1
1515,12
1516,1
1516,10
1516,10
1517,5
1518,0
1518,13
1519,10
1521,1
1523,5
1524,1
1524,10
1527,1
1527,10
1527,18
1527,12
1527,7
1528,5
1529,1
1530,5
1530,36
1531,5
1531,36
1532,5
1533,44
1534,3
1535,1
1535,10
1536,5
1538,1
1540,5
1541,1
1542,5
1543,1
1545,36
1548,1
1548,13
1550,1
1550,0
1552,1
1552,10
1552,17
1552,12
1553,17
1553,1
1554,0
1554,10
1555,5
1558,1
1558,0
1559,1
1561,17
1561,1
1562,5
1564,5
1565,1
1566,1
1566,0
1567,5
1568,0
1568,1
1569,5
1569,36
1570,5
1571,9
1572,10
1572,1
1572,14
1572,21
1573,10
1573,0
1573,1
1574,13
1574,21
1574,10
1575,1
1575,21
1576,44
1576,5
1577,5
1577,62
1578,17
1578,21
1578,0
1578,1
1579,5
1579,9
1580,1
1580,1
1580,21
1581,21
1581,17
1581,10
1581,1
1582,5
1582,36
1583,21
1583,17
1583,1
1583,0
1584,21
1584,1
1584,0
1584,13
1585,5
1586,5
1586,36
1586,9
1587,1
1587,0
1587,21
1588,5
1588,9
1590,17
1590,7
1590,1
1591,1
1591,17
1592,1
1593,10
1593,17
1593,21
1593,1
1594,10
1595,1
1595,14
1596,21
1596,1
1596,0
1597,5
1597,36
1597,9
1599,0
1599,10
1600,1
1601,5
1602,1
1602,14
1602,0
1603,5
1603,9
1604,10
1604,0
1604,25
1606,10
1606,0
1606,13
1607,5
1608,36
1608,5
1609,5
1610,10
1610,21
1611,21
1611,1
1612,10
1612,21
1613,21
1613,10
1614,10
1614,21
1615,18
1615,1
1615,0
1615,21
1616,10
1616,0
1617,0
1618,21
1618,1
1619,5
1619,36
1620,36
1620,5
1621,1
1622,1
1622,0
1623,0
1623,1
1624,1
1624,21
1625,1
1625,21
1626,0
1626,1
1627,21
1627,1
1628,21
1628,1
1629,1
1629,21
1630,10
1630,21
1631,1
1631,21
1632,1
1633,1
1633,21
1634,10
1634,0
1635,1
1635,0
1636,0
1637,1
1638,10
1639,29
1639,5
1640,5
1642,1
1643,5
1643,37
1644,36
1644,5
1645,1
1646,1
1646,21
1647,1
1647,0
1647,17
1647,52
1648,10
1648,1
1649,1
1649,0
1649,21
1650,29
1651,5
1652,1
1652,0
1652,21
1653,1
1654,1
1654,0
1655,12
1655,1
1656,1
1656,12
1657,9
1658,10
1659,10
1659,1
1660,1
1661,21
1661,10
1661,1
1661,0
1661,52
1662,1
1662,0
1663,1
1663,12
1664,1
1664,0
1664,1
1665,9
1667,5
1668,5
1668,29
1669,1
1670,36
1671,1
1671,0
1671,51
1671,1
1671,21
1672,5
1673,51
1673,1
1673,21
1673,0
1674,1
1675,1
1675,0
1675,21
1675,1
1676,1
1676,0
1676,21
1676,1
1677,1
1678,1
1680,5
1680,9
1681,36
1681,29
1682,10
1682,0
1683,10
1683,0
1684,0
1684,10
1685,0
1685,10
1685,1
1686,0
1686,10
1687,9
1688,5
1688,9
1689,1
1690,10
1690,1
1691,0
1693,1
1693,21
1693,17
1693,0
1694,10
1695,0
1695,1
1696,1
1697,0
1697,1
1698,1
1699,1
1699,10
1699,0
1700,10
1700,0
1701,1
1701,21
1701,0
1702,0
1702,10
1703,9
1703,5
1704,1
1704,21
1704,17
1704,0
1706,1
1706,0
1706,21
1707,1
1707,0
1708,5
1709,36
1709,5
1710,10
1710,1
1710,52
1710,17
1711,5
1712,1
1713,5
1714,10
1714,1
1714,17
1714,0
1715,10
1716,1
1716,10
1716,17
1717,1
1717,0
1718,1
1718,21
1718,10
1718,17
1718,0
1719,1
1719,0
1720,1
1720,0
1721,0
1721,1
1722,5
1722,9
1724,10
1725,1
1725,0
1726,1
1727,1
1727,10
1727,0
1728,1
1728,0
1729,10
1729,1
1729,0
1730,10
1730,21
1730,0
1730,17
1731,5
1732,1
1733,1
1734,1
1735,5
1737,1
1737,0
1738,10
1738,0
1738,17
1739,1
1739,0
1740,1
1740,17
1740,21
1740,10
1740,0
1741,10
1741,1
1742,1
1742,21
1742,0
1743,1
1743,0
1744,1
1744,21
1744,0
1745,10
1745,1
1745,0
1745,17
1745,21
1746,1
1746,10
1746,0
1747,10
1747,21
1748,1
1748,17
1749,1
1749,21
1750,1
1750,21
1751,1
1751,21
1751,0
1753,5
1753,29
1754,1
1754,0
1755,1
1755,21
1755,0
1756,1
1756,21
1756,0
1756,17
1757,1
1757,0
1758,1
1758,21
1759,1
1759,21
1759,0
1760,1
1760,21
1762,1
1762,10
1762,21
1763,9
1765,9
1765,5
1766,10
1766,1
1766,0
1767,5
1768,5
1769,5
1770,10
1770,21
1771,1
1771,21
1772,5
1773,1
1773,21
1773,17
1773,0
1774,0
1774,10
1775,1
1775,1
1776,1
1777,1
1778,1
1779,1
1780,1
1781,1
1782,1
1782,1
1782,1
1783,22
1783,4
1784,10
1785,9
1785,5
1785,5
1786,5
1787,9
1787,5
1788,5
1789,9
1789,5
1790,32
1790,5
1790,32
1791,5
1791,62
1792,22
1793,15
1793,3
1794,10
1794,1
1795,22
1795,32
1796,10
1797,10
1798,3
1799,10
1800,5
1801,5
1801,9
1802,5
1803,5
1803,9
1803,9
1803,9
1804,5
1804,4
1804,9
1805,5
1805,4
1805,26
1805,29
1806,1
1806,12
1807,1
1807,12
1808,1
1808,12
1809,2
1809,0
1809,51
1810,6
1810,39
1811,9
1811,27
1811,9
1811,9
1811,5
1812,2
1812,8
1812,1
1812,0
1813,10
1813,2
1814,0
1814,2
1814,1
1815,2
1816,10
1816,1
1816,8
1816,2
1816,0
1817,9
1817,27
1817,9
1817,9
1817,5
1818,25
1818,6
1818,39
1819,2
1819,1
1819,39
1820,2
1820,0
1820,10
1820,39
1820,1
1821,2
1821,0
1821,1
1821,10
1821,39
1822,10
1822,39
1822,2
1822,0
1823,9
1823,9
1823,27
1823,9
1823,9
1823,5
1824,2
1824,1
1824,10
1824,39
1824,17
1825,2
1825,10
1826,2
1826,10
1826,39
1827,10
1827,39
1827,2
1828,2
1828,39
1828,10
1829,39
1829,6
1830,6
1830,6
1831,9
1831,27
1831,9
1831,9
1831,5
1832,6
1832,39
1833,9
1833,27
1833,9
1833,9
1833,5
1834,2
1834,39
1834,10
1835,2
1835,10
1836,2
1836,1
1837,6
1837,1
1838,1
1838,39
1838,2
1839,27
1839,27
1839,9
1839,5
1840,2
1840,1
1841,2
1841,10
1842,1
1842,2
1843,1
1843,2
1844,6
1844,39
1845,6
1845,39
1846,2
1846,1
1847,1
1847,2
1848,2
1848,1
1849,1
1849,2
1850,6
1850,39
1851,1
1851,2
1852,6
1852,39
1853,6
1853,39
1854,6
1854,10
1855,0
1855,1
1856,6
1856,6
1857,6
1857,6
1858,6
1858,6
1859,10
1859,2
1859,2
1860,0
1860,56
1860,2
1860,13
1861,2
1861,2
1861,10
1862,2
1862,10
1862,0
1862,2
1863,0
1863,2
1863,10
1863,2
1863,13
1864,2
1864,2
1865,2
1865,0
1865,2
1865,10
1866,2
1866,10
1866,2
1867,2
1867,0
1867,1
1867,2
1868,10
1868,2
1869,2
1869,1
1869,2
1870,9
1870,27
1870,9
1870,9
1870,5
1871,2
1871,2
1872,2
1872,2
1872,10
1873,2
1873,2
1873,10
1874,9
1874,27
1874,9
1874,9
1874,5
1875,6
1875,6
1876,6
1876,39
1877,6
1877,39
1878,1
1878,2
1879,2
1879,1
1880,1
1880,2
1881,6
1881,39
1882,6
1882,39
1883,6
1883,39
1884,6
1884,39
1885,6
1885,39
1886,6
1886,39
1887,6
1887,39
1888,1
1888,2
1889,6
1889,39
1890,6
1890,39
1891,2
1891,1
1892,2
1892,1
1893,39
1893,15
1894,2
1894,1
1895,39
1896,1
1896,2
1897,68
1897,39
1898,17
1898,39
1899,17
1899,39
1900,25
1900,6
1900,39
1901,6
1901,39
1902,10
1902,1
1902,2
1902,0
1903,5
1903,69
1903,27
1903,29
1904,6
1904,39
1905,6
1905,39
1906,2
1906,10
1907,9
1907,27
1907,9
1907,9
1907,5
1908,5
1908,9
1908,27
1908,4
1909,6
1909,39
1910,2
1910,2
1911,2
1911,2
1912,25
1912,6
1912,39
1913,70
1914,39
1915,22
1916,1
1916,10
1916,2
1916,0
1916,2
1917,6
1917,25
1917,39
1918,6
1918,3
1919,25
1919,6
1919,39
1920,71
1921,39
1921,6
1921,25
1922,6
1922,15
1923,67
1924,72
1925,25
1925,6
1925,6
1926,72
1927,2
1927,0
1927,2
1928,25
1928,6
1928,39
1929,2
1929,10
1930,72
1931,25
1931,6
1931,38
1931,39
1932,25
1932,6
1932,39
1933,6
1933,6
1934,23
1935,2
1935,1
1935,2
1936,0
1936,2
1936,2
1937,0
1937,2
1937,1
1937,2
1938,25
1938,6
1938,3
1939,72
1940,25
1940,6
1940,15
1941,6
1941,6
1942,6
1942,39
1943,2
1943,1
1943,10
1943,2
1944,25
1944,6
1944,39
1945,6
1945,25
1945,39
1946,2
1946,39
1946,25
1947,6
1947,39
1948,6
1948,39
1949,6
1949,39
1950,27
1950,9
1950,9
1950,5
1951,2
1951,0
1951,2
1951,1
1951,10
1951,25
1952,9
1952,27
1952,9
1952,9
1952,5
1953,33
1954,9
1954,5
1956,5
1958,22
1959,5
1960,5
1961,22
1962,22
1963,22
1964,5
1964,4
1965,22
1966,9
1966,5
1968,5
1969,9
1969,5
1969,28
1970,5
1970,4
1970,32
1971,5
1972,22
1973,5
1973,4
1975,5
1976,5
1977,5
1977,9
1977,61
1977,9
1977,31
1978,22
1978,9
1979,9
1979,26
1979,29
1979,44
1979,31
1980,61
1980,9
1980,5
1980,5
1980,44
1981,61
1981,9
1981,5
1982,3
1983,1
1984,1
1986,1
1986,12
1987,10
1987,0
1988,1
1989,1
1989,12
1990,22
1991,1
1992,12
1992,1
1993,1
1993,12
1994,1
1994,12
1996,9
1997,22
1997,22
1998,22
2000,5
2001,22
2001,32
2002,5
2004,5
2005,5
2005,9
2005,9
2006,1
2006,0
2007,3
2008,3
2009,1
2010,3
2011,9
2011,9
2011,9
2011,5
2012,12
2012,1
2012,1
2013,1
2014,2
2015,22
2016,1
2016,0
2017,10
2018,1
2019,1
2020,5
2021,10
2022,10
2023,1
2023,73
2023,74
2024,5
2024,9
2024,9
2026,9
2026,9
2026,5
2026,4
2027,5
2027,9
2027,9
2028,5
2029,1
2030,5
2031,9
2031,5
2032,9
2032,5
2033,9
2033,5
2034,1
2035,9
2035,9
2035,5
2036,5
2036,9
2036,9
2037,5
2038,15
2038,1
2039,5
2039,9
2039,9
2040,9
2040,9
2040,5
2041,5
2041,9
2041,9
2042,5
2043,9
2043,9
2043,5
2044,9
2044,9
2044,5
2045,32
2046,9
2046,9
2046,5
2047,9
2047,5
2048,5
2048,9
2049,1
2049,10
2050,9
2050,5
2051,9
2051,9
2051,5
2052,9
2052,9
2052,5
2053,10
2054,10
2055,1
2056,10
2057,9
2057,9
2057,5
2058,1
2058,10
2059,1
2060,10
2060,1
2060,0
2061,9
2061,9
2061,5
2062,9
2062,9
2062,5
2064,0
2064,1
2065,31
2065,36
2066,22
2067,5
2067,29
2067,32
2068,22
2069,32
2069,22
2070,9
2070,9
2070,5
2073,5
2073,4
2074,5
2075,5
2077,5
2077,9
2078,5
2078,9
2078,4
2079,5
2079,26
2081,5
2081,9
2081,26
2082,10
2082,0
2084,9
2084,9
2084,5
2085,67
2089,5
2090,22
2090,9
2091,5
2091,9
2091,32
2091,9
2091,9
2092,9
2092,5
2094,5
2094,9
2094,9
2095,1
2096,32
2096,22
2096,22
2097,22
2097,32
2098,22
2100,9
2100,5
2101,9
2101,5
2102,5
2103,9
2103,5
2104,9
2104,5
2105,22
2106,5
2106,4
2107,9
2107,5
2107,9
2107,9
2108,22
2108,9
2109,9
2109,5
2110,5
2110,9
2111,5
2111,9
2111,4
2112,5
2113,9
2113,5
2114,9
2114,9
2114,5
2115,5
2116,5
2117,5
2118,5
2119,9
2119,5
2120,9
2120,22
2120,9
2120,4
2121,9
2121,5
2122,5
2123,1
2124,33
2125,5
2126,9
2126,5
2126,9
2127,32
2127,5
2128,2
2129,5
2130,5
2131,1
2132,5
2133,5
2133,9
2134,5
2135,10
2136,5
2136,32
2138,5
2138,9
2138,32
2139,10
2140,22
2141,5
2142,5
2143,22
2144,5
2144,36
2144,32
2145,22
2146,5
2147,5
2148,5
2148,4
2149,41
2150,5
2150,9
2150,9
2150,9
2151,5
2151,9
2152,5
2153,5
2153,9
2155,5
2156,5
2157,5
2158,5
2159,22
2160,5
2161,5
2162,5
2163,22
2163,32
2164,5
2164,32
2164,22
2165,5
2166,9
2166,5
2167,22
2168,1
2169,3
2169,0
2170,1
2170,1
2170,0
2171,4
2171,26
2171,9
2171,5
2172,5
2173,3
2174,5
2174,9
2175,32
2176,5
2177,33
2178,3
2178,0
2179,32
2180,5
2181,32
2182,5
2183,22
2184,9
2184,5
2185,10
2186,5
2186,5
2187,75
2191,1
2191,45
2192,5
2192,9
2193,32
2193,22
2194,0
2194,0
2194,0
2194,2
2195,2
2195,0
2195,45
2196,5
2196,9
2197,5
2197,9
2198,3
2199,10
2202,10
2203,10
2204,72
2205,1
2206,72
2208,15
2209,76
2210,71
2211,3
2212,9
2212,9
2212,5
2213,5
2213,9
2213,9
2214,22
2214,22
2215,77
2215,5
2215,32
2216,1
2216,12
2217,22
2217,32
2218,1
2219,12
2219,1
2219,1
2220,5
2221,10
2222,3
2223,3
2223,25
2225,3
2225,25
2226,3
2227,3
2228,10
2229,3
2230,3
2231,1
2232,3
2233,15
2233,25
2234,3
2235,3
2235,25
2236,10
2237,10
2238,10
2239,1
2240,1
2241,3
2241,25
2242,3
2242,25
2243,3
2243,25
2244,1
2245,9
2245,9
2245,5
2245,26
2246,3
2246,25
2247,10
2247,0
2248,3
2249,3
2250,10
2251,3
2252,1
2253,3
2254,1
2255,10
2256,3
2257,3
2258,1
2259,1
2260,1
2261,1
2262,1
2263,1
2264,22
2265,22
2266,0
2266,10
2267,5
2267,9
2267,31
2268,1
2268,12
2269,9
2269,5
2269,9
2270,1
2270,12
2271,26
2271,5
2271,78
2271,9
2272,5
2272,9
2272,5
2273,0
2273,1
2274,1
2274,0
2275,1
2275,0
2276,1
2276,0
2277,1
2277,0
2278,1
2278,0
2279,1
2279,0
2280,2
2280,1
2281,1
2281,2
2282,10
2282,0
2283,1
2284,0
2284,10
2285,1
2286,10
2287,10
2287,0
2288,55
2288,10
2288,1
2289,2
2290,1
2291,2
2292,1
2292,0
2293,1
2294,1
2295,1
2296,10
2296,0
2297,10
2298,22
2299,10
2300,10
2301,0
2301,10
2302,1
2302,0
2303,1
2303,0
2304,1
2304,0
2306,3
2307,0
2307,10
2308,10
2308,0
2310,10
2311,0
2311,1
2312,32
2313,0
2313,1
2314,5
2314,9
2314,9
2315,26
2315,26
2315,9
2315,5
2315,4
2316,22
2317,9
2317,5
2318,5
2318,27
2318,9
2318,4
2319,9
2319,9
2319,5
2320,33
2321,5
2321,4
2321,28
2322,5
2322,5
2323,9
2323,5
2324,5
2324,4
2324,28
2325,1
2325,7
2325,10
2325,0
2325,1
2325,1
2326,10
2326,0
2327,10
2328,0
2328,10
2329,79
2330,10
2331,1
2332,1
2333,1
2334,1
2335,1
2336,22
2337,22
2338,1
2339,1
2341,1
2342,1
2343,1
2344,22
2345,1
2348,1
2348,0
2349,5
2350,0
2352,1
2352,0
2353,1
2353,0
2356,1
2356,0
2357,1
2358,2
2358,0
2359,1
2359,0
2361,51
2362,67
2364,1
2364,0
2365,1
2365,0
2366,1
2368,1
2368,0
2369,1
2369,10
2370,1
2370,0
2371,1
2371,0
2372,1
2372,0
2373,0
2373,1
2374,1
2374,0
2375,0
2375,1
2376,0
2376,1
2376,18
2377,1
2377,0
2378,1
2378,0
2379,1
2379,0
2380,0
2380,1
2381,1
2382,1
2382,0
2383,10
2383,0
2384,9
2384,5
2385,33
2386,5
2386,26
2387,5
2387,32
2388,22
2389,5
2389,32
2390,5
2390,32
2391,5
2392,5
2392,42
2392,9
2393,22
2394,1
2394,12
2395,22
2395,22
2396,22
2396,32
2397,33
2398,5
2399,5
2400,5
2400,9
2400,4
2401,5
2402,5
2403,5
2404,5
2404,26
2405,5
2406,22
2406,32
2407,5
2408,5
2409,5
2409,4
2410,22
2411,22
2412,22
2412,32
2413,9
2413,5
2414,1
2414,12
2415,9
2415,9
2415,5
2417,5
2418,1
2418,12
2419,9
2419,9
2419,5
2420,5
2421,5
2421,9
2421,9
2421,9
2422,5
2423,9
2423,9
2423,5
2424,9
2424,5
2425,22
2426,5
2427,5
2428,9
2428,9
2428,5
2429,5
2429,9
2430,1
2431,5
2431,9
2431,9
2431,9
2432,1
2433,1
2434,33
2435,5
2435,80
2436,9
2436,9
2436,5
2436,32
2437,5
2437,9
2437,9
2438,5
2439,1
2440,0
2440,10
2441,10
2441,12
2442,10
2443,1
2444,10
2445,1
2446,32
2446,22
2446,9
2446,9
2447,81
2449,67
2450,10
2451,1
2451,0
2452,5
2452,9
2452,9
2453,10
2453,0
2454,10
2454,0
2455,15
2455,45
2455,58
2455,34
2455,16
2456,10
2456,45
2456,82
2456,16
2456,34
2457,1
2457,10
2458,0
2458,10
2459,1
2460,10
2461,10
2462,10
2463,10
2463,1
2464,10
2464,74
2464,17
2464,14
2464,0
2465,10
2466,10
2466,1
2466,65
2467,0
2467,17
2467,10
2468,83
2469,10
2469,1
2470,1
2471,1
2472,1
2473,1
2474,10
2474,0
2475,71
2476,10
2476,1
2477,1
2479,1
2480,10
2481,84
2482,1
2483,10
2483,12
2484,71
2485,67
2486,1
2487,10
2487,12
2488,10
2488,1
2489,1
2490,1
2491,67
2492,84
2493,84
2495,67
2497,84
2498,1
2499,84
2500,84
2501,1
2502,1
2503,1
2505,1
2506,1
2507,1
2509,1
2512,22
2513,5
2514,5
2515,5
2516,5
2516,9
2516,9
2517,3
2518,9
2518,9
2518,5
2519,5
2519,28
2520,3
2521,9
2521,9
2521,5
2522,9
2522,5
2523,9
2523,5
2524,15
2524,0
2525,9
2525,9
2525,9
2525,5
2526,9
2526,9
2526,9
2526,5
2527,5
2528,1
2528,10
2528,0
2529,5
2530,3
2530,25
2531,5
2531,9
2532,15
2532,0
2533,9
2533,9
2533,9
2533,9
2533,9
2533,5
2534,15
2534,25
2535,9
2535,9
2535,5
2536,9
2536,9
2536,5
2537,9
2537,5
2538,5
2538,9
2539,9
2539,5
2539,5
2539,4
2540,9
2540,5
2541,5
2541,9
2541,9
2541,9
2542,5
2543,5
2543,9
2544,9
2544,5
2544,41
2545,15
2546,9
2546,5
2547,3
2548,9
2548,9
2548,9
2548,5
2548,26
2549,22
2549,32
2550,5
2550,9
2551,5
2552,33
2553,5
2553,9
2554,5
2555,3
2556,9
2556,5
2556,4
2557,3
2558,9
2558,5
2558,31
2559,22
2559,32
2560,5
2560,9
2561,39
2562,5
2563,5
2564,9
2564,5
2565,22
2565,5
2566,9
2566,9
2566,5
2567,5
2568,9
2568,9
2568,9
2568,5
2569,9
2569,5
2570,9
2570,5
2571,26
2572,5
2573,15
2574,9
2574,5
2575,5
2576,5
2576,9
2577,9
2577,9
2577,9
2577,9
2577,5
2578,9
2578,5
2579,1
2579,0
2579,1
2580,1
2580,0
2581,1
2582,1
2584,33
2585,33
2586,9
2586,5
2587,9
2587,9
2587,5
2588,22
2588,5
2589,10
2589,0
2590,9
2590,5
2590,4
2590,28
2591,22
2591,5
2592,3
2592,0
2595,33
2596,5
2597,22
2597,32
2597,9
2599,22
2599,32
2599,5
2600,5
2601,1
2601,0
2602,1
2603,10
2603,1
2604,10
2604,0
2604,1
2605,22
2606,22
2607,1
2608,1
2610,5
2610,9
2612,1
2612,10
2615,5
2616,5
2618,5
2619,5
2621,5
2621,9
2622,5
2622,9
2622,9
2623,5
2623,9
2624,5
2624,9
2625,22
2625,9
2626,5
2627,5
2628,5
2628,9
2629,1
2629,0
2630,5
2631,5
2632,9
2632,9
2632,9
2632,5
2633,5
2633,4
2633,9
2634,9
2634,5
2634,9
2634,9
2635,28
2635,9
2635,5
2636,1
2636,0
2637,9
2637,5
2638,22
2639,1
2640,1
2641,9
2641,5
2642,10
2643,5
2644,5
2645,5
2645,4
2645,9
2646,22
2647,9
2647,9
2647,5
2648,5
2649,22
2650,22
2651,5
2652,5
2652,22
2653,5
2654,5
2654,4
2654,26
2655,3
2655,0
2656,1
2656,0
2657,9
2657,5
2659,22
2660,22
2661,5
2662,5
2662,9
2662,9
2662,9
2663,1
2664,5
2665,1
2665,0
2666,10
2666,0
2667,10
2667,0
2668,1
2668,0
2669,10
2669,0
2670,0
2670,10
2671,10
2672,10
2672,0
2673,1
2673,16
2673,25
2675,22
2676,5
2676,9
2676,9
2678,5
2678,4
2679,5
2681,5
2681,9
2682,5
2682,32
2683,2
2683,13
2684,9
2684,32
2685,5
2686,1
2687,9
2688,22
2689,5
2690,9
2690,9
2690,5
2691,5
2692,9
2692,5
2692,28
2693,1
2694,9
2694,62
2695,5
2696,5
2696,9
2697,5
2698,5
2699,5
2700,5
2701,5
2702,5
2703,5
2703,9
2704,5
2705,5
2705,9
2706,9
2706,9
2706,5
2707,5
2707,9
2707,9
2708,5
2708,9
2709,33
2710,9
2710,9
2710,5
2711,5
2712,85
2712,64
2713,22
2713,32
2713,5
2714,9
2714,5
2715,5
2715,32
2715,9
2715,9
2716,1
2716,0
2718,2
2719,2
2719,0
2720,2
2721,2
2722,2
2723,22
2724,5
2724,9
2724,9
2725,0
2725,1
2726,1
2727,10
2727,1
2728,1
2729,1
2729,0
2730,1
2730,34
2731,27
2731,9
2731,5
2732,30
2732,9
2732,5
2732,9
2733,2
2733,0
2734,30
2734,5
2734,9
2735,1
2736,9
2736,5
2736,9
2737,22
2738,22
2741,27
2741,22
2741,9
2742,2
2742,0
2744,0
2744,3
2745,22
2745,5
2746,9
2746,5
2747,9
2747,5
2747,9
2747,9
2748,5
2749,22
2750,5
2751,5
2753,22
2754,1
2755,5
2756,1
2757,1
2758,22
2758,9
2759,2
2759,0
2759,55
2760,5
2761,42
2761,5
2764,5
2764,9
2765,9
2765,5
2766,9
2766,5
2767,5
2768,5
2768,22
2769,0
2769,2
2770,9
2770,5
2770,9
2770,9
2771,9
2771,5
2772,1
2773,5
2773,9
2774,5
2774,9
2774,9
2775,5
2775,32
2777,3
2778,5
2778,29
2779,10
2780,1
2780,0
2781,9
2782,5
2782,32
2783,5
2784,9
2784,5
2784,9
2785,22
2786,5
2787,5
2787,9
2787,9
2789,5
2789,62
2789,9
2789,9
2789,9
2790,14
2790,1
2790,0
2791,1
2791,0
2791,35
2792,3
2792,0
2793,1
2793,10
2794,3
2795,1
2796,3
2797,3
2798,3
2799,22
2800,5
2800,9
2801,10
2801,0
2802,15
2802,0
2803,5
2804,1
2805,15
2805,0
2806,5
2806,9
2806,9
2807,5
2807,9
2807,9
2807,9
2808,22
2808,32
2809,15
2810,10
2810,0
2811,3
2812,9
2812,5
2813,9
2813,9
2813,32
2813,5
2813,32
2814,3
2815,5
2815,9
2816,22
2816,9
2817,5
2818,9
2818,5
2818,9
2819,1
2820,5
2821,3
2821,0
2822,5
2822,9
2823,5
2824,5
2824,9
2824,9
2825,22
2825,9
2825,9
2826,22
2827,1
2828,5
2829,10
2829,34
2829,16
2829,38
2829,18
2829,58
2830,15
2832,10
2832,0
2833,3
2834,10
2834,0
2837,6
2837,15
2838,5
2838,9
2838,9
2838,32
2839,3
2839,0
2840,3
2841,3
2841,0
2842,3
2842,0
2843,22
2845,22
2845,9
2846,5
2847,22
2848,5
2849,5
2849,9
2850,1
2851,5
2851,4
2852,6
2853,3
2853,0
2854,3
2855,3
2855,0
2856,1
2857,1
2859,1
2860,5
2861,22
2862,5
2863,5
2864,5
2865,22
2867,44
2869,5
2870,5
2872,5
2873,3
2874,5
2874,4
2875,5
2875,9
2876,9
2876,9
2876,5
2877,27
2877,5
2878,22
2878,27
2879,5
2879,32
2879,27
2880,5
2880,9
2880,26
2880,69
2880,31
2880,86
2880,78
2880,9
2881,22
2882,5
2882,4
2882,69
2883,28
2884,22
2885,5
2885,27
2885,27
2885,9
2885,61
2885,41
2885,31
2885,9
2885,43
2886,5
2886,9
2887,22
2888,1
2889,1
2890,1
2892,5
2893,5
2894,59
2895,32
2895,44
2899,22
2901,5
2901,9
2903,31
2903,32
2903,36
2903,42
2903,22
2904,20
2905,1
2906,5
2907,5
2907,9
2908,5
2908,4
2909,6
2909,6
2909,73
2909,0
2910,5
2910,9
2911,5
2912,5
2913,22
2914,22
2915,9
2915,5
2915,9
2915,9
2916,22
2917,22
2918,5
2919,5
2920,5
2921,1
2922,3
2923,5
2923,9
2923,9
2924,9
2924,5
2924,9
2925,5
2925,9
2926,9
2927,22
2928,5
2928,9
2928,9
2929,3
2929,0
2930,3
2931,1
2932,9
2932,5
2932,26
2932,9
2934,26
2934,9
2934,5
2934,36
2934,4
2935,5
2936,10
2937,10
2938,5
2939,5
2939,9
2939,9
2940,5
2940,9
2940,9
2941,5
2942,3
2942,17
2943,9
2943,5
2944,22
2944,9
2944,9
2945,9
2945,9
2945,5
2946,1
2947,5
2947,9
2947,9
2947,27
2948,9
2948,5
2949,5
2949,9
2950,22
2950,9
2950,32
2952,22
2953,5
2954,1
2955,9
2955,5
2956,9
2956,9
2956,5
2957,3
2958,3
2959,9
2959,5
2959,9
2959,32
2960,27
2960,5
2960,9
2962,6
2963,6
2963,0
2964,6
2965,9
2965,5
2965,32
2966,2
2967,2
2968,6
2969,6
2971,29
2971,22
2972,5
2973,5
2974,27
2974,9
2975,9
2975,5
2975,32
2976,6
2977,9
2977,5
2977,32
2978,5
2978,9
2978,32
2978,9
2979,6
2980,6
2981,3
2981,0
2982,6
2983,27
2983,5
2983,32
2984,6
2985,9
2985,5
2986,9
2986,5
2986,9
2986,32
2987,9
2987,9
2987,5
2987,4
2988,6
2989,9
2989,5
2989,4
2990,9
2990,5
2990,9
2990,32
2991,9
2991,5
2991,9
2991,32
2992,5
2992,9
2992,27
2992,4
2993,5
2994,6
2995,6
2996,5
2996,9
2996,9
2997,9
2997,5
2997,32
2998,5
2998,9
2999,6
3000,9
3000,5
3000,9
3000,32
3001,9
3001,5
3001,9
3001,32
3002,5
3003,5
3004,6
3007,33
3008,5
3008,9
3009,5
3009,9
3009,9
3009,9
3010,9
3010,5
3011,5
3011,9
3011,9
3011,9
3012,1
3012,10
3013,3
3014,1
3015,1
3016,3
3017,5
3018,5
3018,9
3019,5
3019,9
3019,9
3019,9
3020,9
3020,5
3020,9
3020,9
3021,5
3021,9
3022,5
3023,5
3024,9
3024,5
3025,5
3026,5
3027,27
3027,9
3027,78
3027,5
3028,9
3028,9
3028,5
3028,4
3029,5
3029,27
3029,9
3029,9
3029,4
3030,5
3031,5
3032,5
3033,1
3034,33
3035,5
3036,9
3037,28
3037,5
3038,1
3039,1
3040,5
3041,0
3041,1
3042,3
3043,3
3044,3
3044,0
3045,3
3046,5
3048,9
3048,5
3049,28
3049,5
3050,9
3050,9
3050,5
3051,3
3051,0
3052,5
3052,9
3053,9
3053,9
3053,5
3053,9
3053,9
3054,5
3054,9
3054,9
3055,9
3055,5
3056,28
3058,28
3058,5
3059,5
3060,5
3060,9
3060,9
3061,3
3062,9
3063,9
3063,5
3063,9
3063,9
3064,5
3064,9
3064,9
3065,3
3066,22
3067,22
3068,9
3068,9
3068,9
3068,5
3069,2
3070,5
3070,22
3071,22
3072,5
3074,5
3074,22
3076,5
3077,5
3077,9
3080,5
3080,9
3082,1
3083,6
3084,5
3084,9
3084,27
3084,4
3085,3
3086,5
3087,5
3088,1
3088,1
3088,10
3088,0
3088,17
3088,10
3089,9
3089,5
3089,5
3090,1
3091,1
3092,5
3092,4
3093,22
3094,9
3094,5
3095,47
3095,1
3095,45
3095,18
3095,10
3096,1
3097,1
3098,5
3099,5
3100,0
3100,1
3102,0
3102,3
3103,9
3104,22
3104,5
3105,0
3105,58
3105,10
3105,18
3106,0
3106,1
3107,32
3108,5
3109,22
3109,5
3110,22
3111,5
3111,4
3112,5
3113,1
3114,5
3114,9
3114,9
3114,9
3115,5
3116,3
3117,1
3118,5
3118,9
3119,0
3119,10
3119,47
3119,18
3120,1
3120,49
3120,17
3120,10
3121,9
3121,9
3121,5
3122,1
3123,5
3124,9
3124,5
3125,0
3125,1
3126,5
3126,9
3126,9
3127,1
3128,0
3128,0
3128,0
3129,1
3130,0
3130,1
3131,10
3131,58
3131,18
3132,0
3132,18
3132,1
3132,10
3132,58
3133,26
3133,9
3133,26
3133,26
3133,4
3134,5
3135,10
3135,0
3135,7
3136,67
3138,1
3139,5
3139,4
3140,1
3141,1
3142,5
3142,9
3142,9
3143,22
3143,9
3144,5
3145,32
3146,0
3146,3
3147,5
3147,9
3149,1
3150,5
3151,36
3152,0
3152,10
3153,1
3154,1
3155,5
3156,1
3157,0
3157,6
3158,5
3158,9
3159,5
3160,22
3163,5
3165,5
3165,26
3165,27
3165,4
3166,5
3167,60
3168,9
3168,5
3169,41
3170,22
3170,41
3172,22
3173,5
3174,22
3175,22
3176,22
3177,5
3178,9
3178,9
3178,5
3179,5
3180,5
3180,4
3181,5
3182,22
3183,22
3183,9
3184,0
3184,1
3185,5
3186,3
3186,3
3187,3
3188,1
3189,5
3190,22
3190,9
3191,9
3191,5
3192,22
3193,5
3193,9
3194,22
3195,5
3196,28
3196,5
3196,32
3197,32
3198,5
3198,32
3199,5
3200,5
3200,4
3201,32
3202,5
3202,9
3203,5
3204,5
3205,5
3206,5
3206,9
3209,5
3209,29
3210,5
3211,5
3214,22
3215,22
3217,5
3217,9
3218,10
3218,2
3218,2
3218,0
3219,5
3220,22
3220,29
3223,22
3224,3
3225,22
3225,9
3226,9
3226,5
3227,22
3228,9
3228,5
3229,1
3229,10
3230,5
3231,5
3232,5
3232,9
3233,59
3234,22
3236,3
3238,0
3239,22
3240,9
3240,9
3240,5
3241,5
3241,4
3242,22
3243,5
3244,5
3244,9
3244,9
3245,5
3246,6
3247,5
3247,32
3248,0
3248,1
3249,3
3250,22
3251,9
3251,9
3251,5
3252,22
3253,22
3254,22
3255,22
3256,5
3257,6
3258,5
3259,22
3261,9
3261,5
3262,6
3263,41
3264,3
3265,3
3266,3
3267,3
3268,15
3269,0
3269,10
3270,5
3271,5
3271,9
3271,9
3272,5
3272,9
3272,9
3272,9
3273,22
3273,32
3273,32
3274,5
3274,4
3275,33
3276,5
3277,5
3278,0
3278,1
3279,5
3279,9
3281,0
3281,3
3281,3
3282,5
3283,3
3284,5
3284,9
3285,9
3285,5
3286,1
3287,22
3288,5
3289,5
3290,9
3290,9
3290,5
3291,22
3292,1
3293,0
3293,3
3293,7
3295,22
3296,9
3296,5
3298,5
3298,9
3299,22
3302,5
3302,9
3303,5
3305,22
3306,22
3307,5
3310,0
3310,47
3310,3
3311,5
3312,9
3312,5
3313,33
3316,9
3316,5
3317,5
3318,5
3319,33
3320,22
3321,22
3322,9
3322,9
3322,5
3322,5
3323,5
3323,9
3325,9
3325,5
3326,22
3328,9
3328,5
3329,22
3330,22
3331,5
3331,9
3331,9
3331,9
3332,9
3332,5
3334,5
3334,9
3335,9
3335,5
3336,0
3336,15
3336,49
3336,7
3337,5
3337,9
3337,9
3338,5
3338,4
3339,5
3339,9
3339,9
3340,9
3340,5
3340,28
3342,5
3342,9
3343,22
3344,22
3347,0
3347,3
3348,5
3349,22
3350,5
3350,9
3351,5
3352,5
3353,5
3353,28
3354,5
3354,28
3355,5
3356,9
3356,5
3357,9
3357,5
3359,0
3359,7
3359,6
3360,5
3360,9
3360,5
3361,9
3361,5
3362,5
3362,9
3363,5
3364,5
3364,9
3365,5
3366,3
3367,5
3368,5
3369,5
3370,5
3371,5
3372,5
3373,5
3373,9
3373,9
3374,9
3374,5
3375,5
3375,9
3375,9
3375,9
3376,26
3376,9
3376,5
3376,32
3377,5
3378,33
3379,22
3379,9
3380,0
3380,1
3381,1
3381,10
3381,0
3381,15
3382,22
3383,9
3383,5
3384,22
3385,5
3385,9
3386,5
3387,1
3388,1
3389,2
3389,10
3390,5
3391,5
3392,3
3393,5
3394,26
3394,9
3394,5
3394,4
3395,26
3395,9
3395,4
3395,5
3396,3
3397,15
3398,5
3398,9
3399,22
3399,32
3400,3
3401,1
3402,1
3403,9
3403,5
3404,1
3406,5
3407,5
3407,9
3407,9
3409,84
3411,5
3411,9
3411,9
3411,44
3411,31
3412,10
3412,1
3412,16
3413,3
3414,1
3414,0
3415,9
3415,5
3415,9
3415,44
3415,31
3416,5
3416,9
3416,29
3416,29
3416,31
3417,5
3418,5
3419,1
3420,1
3421,1
3422,10
3422,10
3422,0
3423,1
3426,22
3427,1
3428,0
3428,1
3428,1
3429,1
3429,25
3430,25
3430,1
3431,0
3431,1
3432,25
3432,1
3433,1
3433,25
3433,17
3434,17
3434,1
3435,0
3435,10
3436,25
3436,1
3437,25
3437,52
3437,17
3437,1
3437,1
3437,1
3438,25
3438,1
3439,25
3439,1
3440,1
3440,25
3440,1
3442,0
3442,17
3442,1
3443,22
3444,25
3444,1
3444,1
3445,22
3446,25
3446,1
3446,17
3446,1
3447,25
3447,1
3448,25
3448,17
3448,1
3448,1
3449,1
3450,17
3450,1
3450,1
3451,17
3451,1
3452,14
3452,1
3452,17
3453,17
3453,25
3453,1
3454,17
3454,25
3454,3
3455,22
3456,17
3456,25
3456,1
3457,17
3457,0
3457,1
3457,10
3458,22
3459,22
3459,9
3460,1
3460,17
3461,17
3461,1
3461,25
3462,17
3462,1
3462,1
3463,1
3463,13
3464,17
3464,1
3464,25
3465,1
3465,17
3465,25
3465,1
3466,20
3467,13
3467,0
3467,1
3468,36
3469,13
3469,10
3470,1
3470,17
3470,0
3471,87
3473,36
3473,5
3474,17
3474,1
3475,17
3475,1
3476,1
3476,17
3478,22
3479,17
3479,73
3479,1
3480,25
3480,17
3480,1
3480,1
3481,17
3481,25
3481,1
3481,1
3482,17
3482,1
3484,17
3484,1
3484,14
3484,0
3485,22
3486,17
3486,1
3487,17
3487,25
3487,1
3488,17
3488,25
3488,1
3488,1
3489,17
3489,1
3490,17
3490,1
3490,25
3491,17
3491,1
3492,5
3492,5
3493,0
3493,17
3493,1
3493,1
3494,17
3494,1
3494,1
3494,1
3495,10
3496,1
3498,17
3498,1
3498,25
3498,1
3499,36
3500,22
3501,22
3501,22
3502,10
3502,0
3503,10
3503,0
3503,17
3504,1
3504,12
3505,1
3505,12
3506,1
3506,10
3507,1
3507,1
3507,12
3508,12
3508,1
3509,1
3510,0
3510,1
3511,1
3511,10
3512,1
3512,12
3512,0
3513,10
3513,65
3513,18
3514,1
3514,65
3515,5
3515,9
3516,5
3516,4
3516,9
3516,26
3518,5
3518,9
3520,22
3521,22
3521,9
3522,1
3523,1
3524,2
3524,1
3525,1
3526,1
3526,0
3527,1
3527,0
3528,1
3528,0
3529,10
3529,0
3530,1
3530,0
3531,10
3531,0
3532,10
3533,10
3534,3
3535,3
3536,1
3537,3
3538,3
3539,5
3539,9
3540,5
3540,9
3541,9
3541,5
3542,5
3542,9
3542,9
3542,9
3543,3
3544,5
3544,9
3544,9
3545,5
3546,16
3546,88
3546,1
3547,10
3547,1
3547,0
3548,1
3548,0
3549,1
3549,0
3550,22
3553,1
3554,0
3554,1
3554,15
3555,15
3556,15
3557,15
3558,10
3559,15
3560,15
3561,15
3562,15
3563,15
3564,15
3565,15
3566,10
3566,1
3567,89
3567,0
3567,10
3567,10
3569,10
3569,10
3570,22
3572,0
3572,1
3573,0
3573,10
3573,16
3574,1
3574,0
3575,1
3575,0
3576,2
3577,5
3577,9
3577,32
3578,5
3578,4
3579,9
3579,5
3581,5
3582,9
3582,9
3582,5
3583,1
3583,25
3585,1
3586,10
3587,10
3588,10
3589,10
3590,5
3590,9
3590,9
3590,9
3591,10
3592,10
3593,10
3594,0
3594,10
3595,1
3595,25
3596,10
3597,10
3598,10
3599,1
3599,25
3600,10
3601,79
3602,10
3603,10
3604,10
3605,10
3606,10
3607,10
3608,1
3608,0
3609,10
3610,5
3610,9
3610,4
3611,22
3611,32
3611,32
3612,5
3612,28
3613,10
3614,10
3615,10
3616,10
3617,10
3618,10
3620,10
3621,10
3622,10
3623,10
3624,10
3625,25
3625,1
3626,5
3626,9
3626,9
3626,9
3627,1
3628,10
3629,10
3630,1
3631,10
3632,10
3633,10
3633,18
3634,10
3635,10
3636,1
3637,25
3637,10
3638,1
3639,1
3640,5
3640,4
3641,22
3642,1
3643,22
3644,22
3645,22
3647,5
3648,9
3648,5
3649,5
3650,5
3651,9
3651,5
3651,4
3653,5
3653,4
3653,26
3654,5
3654,9
3655,5
3656,5
3657,5
3658,5
3659,9
3659,44
3660,5
3661,5
3662,2
3662,1
3662,0
3663,5
3663,27
3663,29
3664,5
3664,9
3664,4
3665,5
3665,9
3666,9
3667,2
3668,1
3669,1
3669,1
3669,0
3669,14
3670,5
3670,27
3670,9
3670,9
3671,22
3671,9
3672,10
3673,0
3673,2
3675,0
3675,2
3675,10
3675,1
3676,27
3676,9
3676,4
3676,5
3677,5
3677,9
3677,9
3678,5
3679,5
3679,9
3679,9
3680,22
3680,32
3680,26
3681,26
3681,5
3681,4
3681,9
3682,5
3682,9
3682,4
3684,9
3684,5
3685,5
3686,5
3687,26
3687,5
3687,4
3687,9
3688,5
3688,9
3688,9
3688,4
3689,1
3690,1
3690,0
3691,0
3693,5
3693,4
3693,4
3694,0
3694,10
3695,5
3695,26
3696,9
3696,9
3696,5
3697,5
3697,9
3697,9
3698,9
3698,5
3698,32
3699,5
3699,9
3700,9
3700,9
3700,5
3701,5
3701,32
3701,9
3702,5
3702,9
3703,90
3706,22
3709,9
3709,5
3710,5
3710,9
3710,9
3711,9
3711,5
3712,5
3713,22
3714,9
3714,5
3715,9
3715,5
3716,5
3717,22
3718,5
3719,0
3719,1
3721,22
3724,2
3724,1
3725,5
3726,5
3726,9
3727,5
3727,9
3727,28
3728,5
3730,0
3730,10
3731,5
3731,27
3731,9
3731,9
3731,26
3732,0
3732,1
3733,0
3733,1
3733,2
3734,2
3735,22
3735,9
3736,1
3736,0
3737,27
3737,9
3737,5
3738,0
3738,1
3739,2
3740,2
3741,5
3741,9
3741,9
3741,9
3742,2
3743,2
3743,10
3744,9
3744,9
3744,9
3744,5
3745,2
3745,0
3746,22
3747,2
3748,27
3748,9
3748,4
3748,5
3749,2
3750,5
3751,0
3751,2
3752,22
3752,32
3752,32
3753,5
3754,9
3754,5
3755,5
3755,9
3756,5
3757,61
3757,29
3757,27
3757,22
3757,4
3758,9
3758,5
3758,9
3758,32
3759,9
3759,9
3759,5
3759,32
3760,0
3760,1
3761,26
3761,9
3761,5
3762,32
3763,5
3764,2
3764,10
3764,1
3764,1
3764,19
3765,22
3766,9
3766,9
3766,9
3766,5
3767,5
3767,26
3767,4
3767,9
3768,9
3768,9
3768,9
3768,5
3768,32
3769,5
3769,4
3769,9
3769,26
3770,2
3770,10
3771,0
3771,1
3772,22
3773,5
3774,9
3774,5
3776,5
3777,5
3778,26
3778,4
3778,9
3778,5
3780,5
3780,9
3780,26
3780,4
3781,22
3782,5
3782,9
3783,5
3783,9
3783,26
3784,9
3784,5
3785,9
3785,5
3786,5
3786,9
3786,9
3787,0
3787,1
3787,1
3788,2
3788,10
3788,1
3790,22
3792,5
3793,3
3793,0
3794,5
3795,9
3795,9
3795,9
3795,5
3795,28
3796,5
3797,5
3800,5
3801,44
3801,9
3801,32
3802,9
3802,5
3803,9
3803,5
3803,9
3804,22
3805,9
3805,5
3806,1
3806,0
3807,0
3807,1
3808,22
3809,49
3809,1
3810,22
3812,1
3812,1
3812,1
3812,10
3812,2
3812,17
3813,5
3813,9
3813,9
3813,9
3816,9
3816,5
3817,0
3817,1
3818,9
3819,5
3819,61
3819,4
3819,9
3820,1
3821,1
3821,10
3821,0
3821,17
3821,2
3822,22
3823,2
3823,0
3824,1
3824,0
3825,5
3825,9
3825,9
3826,26
3826,32
3827,9
3827,5
3827,28
3828,22
3828,32
3828,26
3829,5
3829,32
3829,9
3830,22
3831,5
3831,9
3831,9
3831,9
3831,32
3832,5
3833,1
3833,0
3835,5
3835,9
3835,9
3836,5
3836,28
3837,9
3837,5
3837,9
3837,9
3838,9
3838,9
3838,5
3839,0
3839,1
3840,5
3840,9
3840,9
3841,5
3841,4
3841,28
3842,1
3842,1
3843,5
3843,9
3843,9
3844,9
3844,9
3844,5
3844,4
3844,28
3845,9
3845,5
3845,9
3845,9
3845,9
3846,5
3846,9
3846,9
3847,5
3847,9
3847,32
3848,9
3848,5
3848,4
3849,41
3850,5
3850,9
3850,9
3850,9
3850,9
3851,5
3851,9
3851,9
3851,9
3851,9
3853,5
3853,9
3854,5
3854,4
3855,5
3855,4
3855,27
3855,29
3856,5
3857,9
3857,5
3857,32
3858,5
3858,61
3858,9
3859,26
3859,9
3859,5
3859,4
3860,1
3860,1
3861,1
3862,0
3862,3
3863,22
3863,9
3863,9
3864,1
3865,10
3865,2
3866,5
3866,26
3866,9
3867,5
3867,9
3868,5
3869,9
3869,9
3869,5
3870,5
3870,9
3870,9
3870,9
3870,26
3871,5
3872,22
3873,5
3873,41
3873,9
3874,22
3875,5
3875,9
3875,4
3876,5
3876,27
3876,9
3876,9
3876,9
3876,26
3876,4
3877,2
3877,10
3878,2
3878,0
3879,5
3879,26
3879,9
3879,4
3880,2
3880,0
3881,2
3882,2
3883,2
3884,2
3885,2
3886,1
3886,15
3886,2
3886,17
3887,5
3887,27
3887,9
3887,9
3887,9
3888,32
3888,22
3888,22
3889,22
3889,32
3889,22
3890,2
3891,22
3892,32
3892,22
3892,22
3893,2
3894,0
3894,2
3895,2
3895,0
3896,2
3897,22
3897,37
3897,42
3897,41
3898,2
3898,0
3899,2
3900,32
3900,22
3901,5
3902,0
3902,2
3903,2
3903,0
3904,2
3904,0
3905,22
3906,32
3906,22
3906,22
3907,2
3907,0
3908,22
3909,2
3910,10
3910,1
3912,2
3913,2
3913,15
3915,2
3916,2
3917,22
3918,2
3919,59
3920,5
3920,29
3920,30
3921,5
3921,27
3921,9
3921,9
3922,2
3922,0
3923,2
3924,5
3925,2
3925,10
3926,2
3927,5
3928,2
3929,2
3929,10
3930,5
3931,5
3932,2
3932,0
3933,0
3933,2
3934,5
3935,2
3935,0
3936,2
3936,0
3937,0
3937,6
3938,2
3939,9
3939,22
3940,2
3941,10
3941,0
3942,10
3942,15
3942,0
3943,1
3943,0
3944,1
3944,0
3945,22
3946,10
3946,2
3946,0
3947,1
3948,10
3948,2
3948,15
3949,1
3950,1
3951,1
3951,0
3952,0
3952,1
3953,1
3953,0
3954,1
3954,0
3955,1
3955,0
3956,1
3956,0
3957,10
3957,0
3958,1
3958,0
3959,10
3959,0
3960,1
3961,5
3962,1
3963,1
3964,1
3965,1
3965,0
3966,1
3967,1
3968,10
3969,1
3970,22
3971,1
3972,1
3973,1
3974,1
3975,9
3975,5
3976,1
3976,12
3977,1
3978,33
3979,1
3980,1
3981,5
3982,5
3982,9
3982,27
3983,1
3984,10
3985,10
3986,1
3987,10
3988,10
3989,10
3990,1
3991,32
3991,5
3992,1
3993,84
3994,1
3995,84
3996,1
3996,1
3997,1
3997,0
3998,1
3998,0
4001,10
4001,0
4002,10
4003,10
4003,0
4004,10
4004,14
4005,0
4005,1
4006,1
4006,0
4007,1
4007,0
4008,1
4008,0
4009,10
4009,0
4010,1
4010,0
4011,10
4011,0
4012,1
4012,0
4013,1
4013,1
4013,0
4014,10
4015,1
4015,0
4016,1
4016,0
4017,10
4018,1
4018,10
4018,0
4019,1
4019,0
4020,1
4020,0
4021,10
4021,0
4022,10
4023,1
4024,10
4025,10
4026,10
4027,1
4028,3
4029,1
4029,25
4030,3
4031,3
4032,3
4033,10
4034,10
4035,10
4036,10
4037,10
4037,17
4037,2
4038,0
4038,10
4039,10
4040,10
4040,2
4040,25
4041,15
4042,0
4042,10
4043,0
4043,1
4044,1
4044,25
4045,10
4045,2
4045,25
4046,25
4046,10
4047,15
4047,65
4047,35
4048,1
4049,9
4049,5
4050,25
4050,1
4051,6
4052,6
4053,3
4054,3
4054,25
4056,5
4057,9
4057,5
4057,31
4058,22
4060,5
4060,9
4061,5
4062,10
4062,0
4062,7
4063,10
4063,7
4063,0
4064,9
4064,5
4064,9
4064,5
4065,1
4066,10
4066,0
4067,17
4067,0
4067,7
4067,10
4068,0
4068,7
4068,10
4069,5
4070,84
4071,10
4071,65
4072,1
4073,1
4074,0
4074,1
4074,10
4074,0
4074,0
4074,7
4075,9
4075,5
4075,5
4076,22
4077,5
4077,32
4079,1
4079,10
4079,65
4080,10
4080,0
4080,7
4081,9
4081,5
4081,5
4082,1
4083,0
4083,0
4083,1
4083,0
4084,0
4084,10
4084,7
4085,5
4086,22
4087,9
4087,5
4087,5
4088,5
4088,61
4088,5
4089,52
4089,0
4089,15
4090,1
4090,35
4090,0
4091,5
4091,5
4092,5
4093,0
4093,10
4094,1
4094,0
4095,9
4096,9
4096,5
4096,4
4096,9
4097,5
4098,22
4100,9
4100,9
4100,5
4100,5
4100,26
4101,5
4103,52
4103,1
4104,10
4105,22
4106,5
4106,9
4106,9
4106,41
4107,5
4108,10
4108,0
4109,5
4109,28
4110,10
4111,5
4111,9
4111,9
4112,5
4112,9
4112,9
4112,26
4113,5
4113,9
4113,9
4114,10
4116,9
4116,5
4116,9
4118,1
4118,0
4119,5
4120,5
4124,5
4125,1
4125,0
4126,5
4127,1
4127,0
4128,0
4128,10
4129,10
4130,1
4130,0
4131,10
4131,1
4131,1
4132,10
4133,1
4133,10
4134,1
4134,0
4135,0
4135,10
4136,1
4136,10
4137,0
4137,10
4138,10
4138,18
4139,10
4140,5
4140,9
4140,28
4141,1
4142,1
4142,10
4143,10
4144,1
4144,10
4144,0
4145,1
4146,1
4146,0
4147,1
4147,0
4148,10
4148,0
4149,9
4149,5
4149,9
4149,9
4150,10
4150,1
4151,10
4152,1
4153,1
4154,10
4154,0
4155,10
4156,10
4157,1
4157,0
4158,0
4158,10
4158,1
4159,22
4159,9
4160,1
4160,8
4161,0
4161,1
4162,1
4163,10
4164,22
4165,22
4165,29
4166,1
4166,35
4167,1
4168,1
4169,0
4169,1
4170,1
4170,0
4171,22
4171,5
4172,7
4172,10
4172,0
4172,0
4173,10
4173,7
4173,0
4174,0
4174,10
4174,7
4178,1
4179,1
4180,1
4181,7
4181,10
4182,10
4182,7
4182,0
4183,10
4183,7
4183,0
4184,10
4184,7
4185,7
4185,0
4185,10
4185,0
4186,10
4186,0
4187,1
4187,10
4187,7
4188,1
4189,10
4189,7
4190,10
4190,7
4191,22
4192,5
4193,5
4193,9
4194,1
4195,22
4196,1
4197,10
4198,9
4199,10
4199,0
4199,17
4200,10
4200,17
4200,7
4200,0
4201,10
4202,10
4202,65
4203,7
4203,10
4203,17
4204,10
4204,7
4205,10
4205,17
4205,0
4205,7
4205,17
4206,10
4206,0
4207,1
4208,1
4209,10
4209,0
4210,10
4212,25
4212,1
4213,5
4216,1
4217,1
4217,13
4218,59
4219,1
4220,5
4221,5
4222,5
4223,25
4223,1
4224,1
4225,1
4225,25
4226,1
4226,25
4227,5
4229,22
4230,9
4230,5
4231,10
4232,5
4234,10
4235,10
4236,22
4238,5
4239,5
4240,22
4241,1
4241,0
4242,9
4243,5
4243,9
4243,9
4244,1
4246,9
4246,5
4247,22
4248,1
4248,10
4249,1
4251,22
4251,9
4251,36
4253,9
4254,22
4255,22
4256,22
4257,9
4257,9
4257,9
4257,5
4257,28
4258,5
4258,9
4258,9
4259,1
4259,25
4261,1
4261,25
4262,22
4263,1
4264,1
4265,36
4265,77
4266,5
4266,9
4266,9
4267,5
4268,1
4269,5
4270,1
4270,25
4271,1
4271,25
4272,1
4272,25
4273,5
4273,9
4273,26
4274,1
4274,25
4275,1
4276,1
4276,1
4277,1
4278,1
4278,17
4278,25
4279,5
4280,1
4280,25
4281,1
4282,5
4283,5
4284,5
4284,9
4285,5
4286,5
4286,4
4287,5
4288,1
4289,1
4290,1
4291,5
4293,22
4297,10
4298,10
4298,1
4298,0
4298,17
4299,1
4300,9
4300,5
4301,5
4301,4
4302,5
4302,26
4303,5
4303,4
4304,5
4304,26
4305,1
4306,5
4307,1
4307,25
4308,33
4309,5
4309,4
4310,10
4311,1
4311,25
4312,1
4313,1
4313,25
4314,1
4314,0
4315,1
4316,33
4317,5
4317,9
4317,9
4318,5
4318,32
4318,26
4319,1
4319,13
4319,25
4320,22
4321,1
4322,5
4322,9
4322,26
4323,32
4323,26
4324,5
4324,26
4325,10
4326,5
4326,4
4327,1
4327,17
4328,5
4329,1
4329,25
4330,9
4330,9
4330,9
4330,9
4330,5
4331,1
4333,22
4334,9
4334,5
4335,1
4336,5
4336,9
4336,9
4337,9
4337,9
4337,5
4337,28
4338,1
4341,1
4343,25
4343,1
4345,9
4345,5
4346,22
4346,36
4346,9
4347,22
4347,36
4348,5
4350,9
4350,5
4351,5
4352,1
4352,25
4353,9
4353,9
4353,9
4353,5
4354,1
4355,9
4355,9
4355,5
4356,17
4356,1
4357,1
4357,12
4358,1
4358,0
4358,17
4358,0
4359,33
4360,72
4361,62
4362,1
4363,1
4364,72
4365,1
4366,1
4367,72
4368,1
4369,1
4370,1
4371,1
4371,1
4371,17
4371,0
4372,0
4372,53
4372,0
4372,1
4373,1
4374,10
4374,0
4375,1
4376,1
4377,1
4377,0
4378,1
4378,0
4378,17
4379,1
4380,0
4380,1
4381,33
4382,5
4383,1
4383,12
4384,9
4384,9
4384,9
4384,5
4386,3
4386,0
4387,1
4388,1
4388,10
4388,0
4390,22
4392,1
4393,1
4394,1
4396,1
4397,1
4399,1
4399,3
4402,10
4403,10
4403,1
4403,1
4404,10
4405,10
4406,10
4407,25
4407,1
4408,1
4409,0
4409,1
4410,10
4411,10
4411,1
4412,1
4413,0
4413,10
4414,1
4415,1
4416,5
4417,22
4417,22
4417,22
4417,22
4417,22
4417,22
4417,22
4417,22
4417,22
4417,22
4418,25
4418,1
4418,10
4419,9
4419,5
4419,5
4420,5
4420,9
4423,5
4424,5
4424,61
4424,9
4424,5
4425,9
4425,9
4425,5
4427,20
4428,9
4428,5
4429,1
4431,5
4434,61
4434,5
4434,9
4435,5
4437,9
4437,9
4437,5
4438,1
4440,1
4441,1
4441,25
4442,1
4442,10
4443,1
4444,22
4445,1
4445,25
4446,10
4447,1
4447,10
4448,1
4449,25
4449,10
4451,5
4454,22
4454,32
4455,5
4456,25
4456,1
4457,1
4457,25
4458,5
4459,5
4459,9
4460,5
4461,1
4461,25
4462,9
4462,9
4462,5
4463,5
4463,9
4465,1
4466,5
4468,5
4469,5
4472,5
4474,5
4474,29
4475,9
4475,9
4475,9
4475,5
4475,4
4476,9
4476,9
4476,5
4477,5
4478,5
4480,9
4480,9
4480,5
4481,9
4481,5
4481,9
4481,9
4482,9
4482,9
4482,5
4482,4
4483,0
4483,1
4483,10
4484,5
4484,9
4485,5
4485,9
4486,10
4487,10
4488,1
4489,10
4490,1
4490,10
4491,10
4492,10
4492,0
4493,10
4494,10
4495,10
4496,10
4497,10
4498,5
4499,9
4499,5
4500,5
4501,5
4501,9
4503,5
4504,5
4505,5
4506,5
4507,5
4508,9
4508,5
4509,5
4510,1
4510,25
4511,1
4511,10
4512,5
4512,4
4513,26
4513,9
4513,5
4513,32
4514,9
4514,5
4515,5
4515,4
4516,25
4516,1
4517,5
4517,9
4517,9
4517,4
4518,22
4518,9
4519,22
4519,9
4520,5
4521,5
4522,5
4522,9
4522,9
4522,9
4523,22
4524,26
4524,9
4524,9
4524,5
4524,32
4528,10
4529,5
4530,5
4531,5
4533,22
4534,5
4535,1
4535,25
4536,5
4536,9
4536,9
4537,5
4537,28
4539,9
4539,9
4539,5
4540,9
4540,5
4540,9
4540,9
4540,9
4541,5
4541,9
4541,9
4542,5
4543,5
4544,22
4546,5
4547,1
4547,10
4547,25
4548,5
4548,9
4549,5
4549,4
4550,22
4551,9
4551,5
4552,5
4552,4
4553,1
4554,22
4555,5
4555,9
4556,5
4556,9
4557,1
4557,25
4558,9
4558,9
4558,5
4559,1
4559,25
4560,5
4561,25
4561,10
4562,5
4562,9
4562,26
4562,4
4563,1
4563,25
4564,1
4564,25
4565,9
4565,5
4565,28
4566,1
4566,25
4567,1
4567,25
4568,9
4568,5
4568,28
4569,5
4569,4
4570,5
4571,5
4571,9
4571,9
4572,5
4572,9
4572,26
4572,9
4573,22
4574,9
4574,5
4575,9
4575,5
4576,5
4577,5
4578,9
4578,5
4579,5
4580,5
4580,9
4584,1
4584,25
4585,0
4585,1
4585,10
4586,10
4587,10
4588,1
4588,25
4589,10
4589,0
4590,10
4591,0
4591,10
4592,10
4593,10
4594,10
4595,10
4596,1
4597,10
4598,10
4599,5
4600,29
4600,32
4600,22
4602,9
4602,5
4603,5
4604,5
4604,9
4605,5
4605,9
4605,9
4606,5
4607,5
4607,4
4608,5
4609,9
4609,5
4610,9
4610,9
4610,9
4610,9
4610,5
4611,5
4613,9
4613,5
4614,9
4614,5
4615,9
4615,5
4615,9
4615,9
4616,5
4616,4
4617,5
4618,5
4619,5
4619,32
4620,0
4620,10
4621,1
4621,25
4623,5
4624,5
4627,36
4628,5
4628,9
4629,1
4629,0
4630,9
4630,9
4630,5
4631,1
4631,25
4632,5
4633,5
4633,9
4634,5
4635,10
4635,0
4636,5
4637,9
4637,5
4637,32
4638,9
4638,5
4639,1
4639,25
4640,5
4640,9
4640,9
4640,9
4641,1
4641,10
4641,0
4642,5
4643,5
4644,5
4645,5
4646,1
4646,25
4647,25
4647,1
4648,25
4648,1
4649,1
4650,5
4651,5
4651,9
4652,5
4653,5
4654,5
4654,9
4655,1
4655,25
4656,63
4658,10
4659,1
4660,5
4661,5
4662,10
4662,0
4663,9
4663,5
4664,5
4665,10
4666,1
4666,10
4667,1
4668,5
4668,4
4669,25
4669,1
4671,9
4671,5
4672,1
4672,25
4673,1
4673,25
4674,5
4675,10
4675,0
4676,1
4676,25
4677,1
4677,25
4678,1
4678,25
4679,1
4679,10
4680,10
4680,0
4681,10
4681,0
4682,25
4682,1
4683,10
4683,25
4684,5
4685,9
4686,1
4687,1
4688,10
4689,22
4690,10
4690,25
4691,1
4692,9
4692,5
4693,5
4694,2
4694,10
4694,2
4695,2
4695,1
4695,2
4697,5
4697,9
4698,2
4698,0
4699,2
4700,2
4703,2
4703,0
4704,2
4705,5
4706,2
4707,2
4708,2
4708,0
4709,2
4710,5
4711,1
4711,10
4711,2
4711,2
4712,2
4713,2
4714,2
4715,2
4716,9
4716,9
4716,9
4716,9
4716,5
4717,9
4717,9
4717,9
4717,9
4717,5
4718,2
4719,2
4720,2
4721,2
4721,0
4722,1
4723,2
4724,2
4725,1
4726,27
4726,9
4726,5
4726,4
4726,9
4727,9
4727,9
4727,5
4727,32
4728,2
4729,0
4729,1
4729,2
4730,2
4731,0
4731,2
4732,2
4733,2
4734,2
4735,2
4736,25
4736,1
4737,10
4738,25
4738,1
4739,25
4739,1
4739,1
4740,25
4740,1
4741,5
4742,25
4742,1
4742,10
4743,1
4744,10
4745,9
4745,5
4746,5
4747,5
4747,9
4748,1
4749,10
4749,0
4750,1
4750,0
4751,1
4752,1
4753,10
4754,1
4755,10
4756,1
4757,3
4758,33
4759,67
4760,10
4760,12
4761,67
4762,2
4762,12
4763,5
4763,9
4763,41
4763,91
4763,28
4765,2
4765,12
4766,9
4766,9
4766,31
4767,10
4767,1
4767,2
4767,12
4768,1
4768,10
4768,2
4768,12
4769,22
4770,9
4770,5
4770,4
4771,5
4772,27
4772,9
4772,5
4772,9
4772,9
4772,31
4773,71
4774,5
4774,9
4774,9
4775,5
4775,9
4775,4
4776,1
4776,12
4777,1
4777,12
4778,9
4778,26
4778,5
4778,9
4778,9
4778,78
4779,67
4780,1
4780,10
4780,25
4781,1
4781,2
4781,15
4781,1
4781,25
4782,1
4782,25
4784,9
4784,9
4784,5
4785,1
4786,1
4786,1
4786,10
4786,25
4787,1
4788,1
4788,1
4789,5
4790,1
4790,1
4790,1
4790,10
4790,25
4791,1
4792,1
4792,10
4792,25
4793,22
4794,1
4794,25
4795,1
4796,25
4796,1
4797,1
4797,25
4798,1
4798,10
4798,13
4798,25
4799,9
4799,9
4799,5
4799,9
4800,25
4800,2
4801,25
4801,2
4802,5
4803,2
4803,16
4804,63
4805,2
4807,2
4807,1
4808,5
4808,32
4809,2
4809,25
4810,2
4810,25
4811,5
4812,9
4812,9
4812,5
4812,32
4813,5
4813,9
4814,5
4814,9
4815,5
4816,9
4816,9
4816,5
4817,25
4817,1
4817,45
4818,2
4818,25
4819,5
4820,2
4820,25
4821,9
4821,5
4822,2
4822,25
4823,9
4823,5
4823,9
4824,5
4825,22
4825,32
4826,2
4827,2
4828,2
4828,25
4829,2
4829,25
4830,6
4830,25
4831,2
4831,25
4832,25
4832,13
4832,2
4833,2
4833,25
4834,2
4835,2
4835,25
4836,2
4837,2
4838,22
4839,2
4840,2
4841,2
4842,5
4843,2
4843,25
4844,5
4845,2
4846,2
4846,25
4847,22
4848,2
4849,5
4849,9
4850,5
4851,27
4851,5
4851,44
4851,9
4851,31
4853,6
4853,0
4854,9
4854,9
4854,9
4854,5
4854,32
4856,9
4856,5
4858,5
4858,9
4859,6
4860,2
4860,10
4860,0
4860,52
4860,7
4860,17
4862,0
4862,39
4863,0
4863,39
4864,5
4865,0
4865,10
4866,22
4866,32
4867,39
4867,25
4867,55
4868,5
4869,9
4869,5
4869,4
4870,5
4870,28
4871,5
4871,9
4871,5
4871,9
4872,39
4872,25
4873,5
4873,30
4873,9
4874,39
4874,25
4875,30
4876,5
4876,9
4876,5
4877,25
4877,6
4878,25
4878,39
4879,27
4879,9
4879,5
4880,39
4880,25
4881,9
4881,5
4881,4
4881,9
4882,25
4882,39
4883,25
4883,1
4884,5
4884,28
4884,9
4884,9
4885,25
4885,39
4886,5
4886,9
4887,25
4887,3
4888,92
4889,5
4889,9
4889,9
4889,9
4890,5
4890,9
4890,9
4891,22
4892,5
4893,22
4894,25
4894,39
4895,25
4895,39
4896,5
4896,9
4896,32
4897,25
4897,39
4898,22
4898,9
4899,5
4900,25
4900,39
4901,5
4902,5
4902,9
4904,5
4904,4
4905,25
4905,39
4906,5
4907,22
4907,32
4908,5
4908,9
4908,9
4909,5
4910,9
4910,5
4910,9
4910,9
4911,5
4911,28
4912,5
4912,4
4913,10
4914,9
4914,9
4914,5
4915,22
4916,25
4916,39
4917,5
4917,9
4918,5
4918,4
4919,5
4919,61
4919,9
4919,9
4919,5
4920,25
4920,3
4923,5
4924,5
4924,9
4925,5
4925,9
4925,9
4925,9
4926,9
4926,5
4926,4
4927,25
4927,39
4928,25
4928,39
4929,5
4929,9
4929,9
4930,5
4931,5
4932,5
4932,27
4932,9
4933,5
4935,25
4935,55
4935,39
4936,5
4937,22
4938,5
4938,32
4939,5
4940,5
4941,39
4943,5
4943,9
4943,4
4943,61
4944,5
4944,9
4944,9
4944,9
4944,32
4946,5
4947,25
4947,39
4948,5
4948,32
4948,9
4949,5
4949,9
4950,28
4952,5
4952,9
4952,32
4953,39
4954,28
4954,5
4955,5
4957,3
4957,25
4958,5
4959,25
4959,39
4960,5
4960,9
4960,9
4961,5
4962,5
4962,9
4962,4
4963,39
4964,5
4965,22
4965,32
4966,5
4966,4
4967,9
4967,5
4967,5
4968,62
4969,5
4970,32
4970,5
4971,5
4971,4
4972,5
4972,9
4972,5
4973,25
4973,39
4974,5
4975,5
4975,4
4976,9
4976,9
4976,9
4976,9
4976,5
4978,2
4979,5
4979,9
4980,5
4981,9
4981,5
4981,4
4982,9
4982,9
4982,5
4983,5
4984,9
4984,9
4984,5
4985,9
4985,32
4985,5
4986,5
4986,9
4986,9
4986,9
4987,22
4987,32
4987,32
4988,9
4988,9
4989,5
4989,9
4989,26
4989,9
4990,5
4990,9
4990,9
4990,9
4991,9
4991,9
4991,5
4992,9
4992,5
4993,5
4993,61
4993,9
4993,9
4993,5
4994,5
4995,9
4995,5
4995,32
4996,5
4997,9
4997,5
4998,9
4998,9
4998,5
4999,22
5000,33
5001,5
5002,5
5002,9
5002,9
5003,5
5003,32
5003,9
5004,5
5004,9
5004,5
5005,5
5006,5
5006,9
5007,9
5007,9
5007,5
5007,4
5009,5
5009,9
5009,32
5010,9
5010,5
5011,25
5011,39
5012,9
5012,5
5013,5
5013,9
5013,9
5014,9
5014,5
5015,5
5015,9
5015,4
5016,5
5017,22
5017,5
5018,9
5018,32
5018,5
5020,5
5021,9
5021,5
5022,9
5022,5
5022,4
5023,9
5023,5
5024,5
5024,32
5024,9
5025,25
5025,39
5027,5
5028,5
5028,9
5028,9
5029,25
5029,3
5030,5
5030,32
5031,25
5031,39
5032,25
5032,39
5033,61
5033,9
5033,9
5033,5
5033,5
5034,9
5034,9
5034,9
5035,5
5035,9
5035,9
5036,5
5037,9
5037,5
5037,32
5038,5
5038,9
5039,1
5040,33
5041,5
5041,9
5042,5
5042,9
5042,9
5043,9
5043,5
5044,5
5044,9
5045,9
5045,5
5046,9
5046,5
5047,5
5047,9
5047,9
5047,32
5048,61
5048,9
5048,5
5050,5
5051,22
5053,5
5053,9
5053,9
5054,9
5054,5
5055,36
5055,32
5056,9
5056,5
5057,5
5058,25
5058,3
5059,5
5059,28
5060,5
5060,9
5060,9
5062,5
5062,4
5063,22
5064,9
5064,5
5065,5
5066,5
5066,9
5066,9
5069,5
5069,9
5069,9
5069,5
5070,36
5070,5
5070,32
5071,0
5071,47
5073,5
5073,9
5074,9
5074,5
5075,5
5075,9
5075,32
5076,5
5076,80
5076,36
5077,5
5077,9
5078,5
5078,9
5078,9
5079,25
5079,39
5080,5
5081,5
5082,26
5082,9
5082,9
5082,5
5082,32
5083,5
5083,61
5083,9
5083,5
5083,9
5084,25
5084,39
5085,5
5085,9
5085,9
5086,5
5087,9
5087,9
5087,5
5087,26
5088,5
5088,9
5088,5
5089,93
5089,61
5089,5
5089,32
5089,9
5090,5
5090,9
5090,26
5090,26
5090,4
5091,0
5091,39
5092,0
5092,10
5093,9
5093,5
5093,5
5094,5
5094,61
5094,9
5094,5
5095,5
5095,61
5095,9
5095,5
5095,9
5096,5
5096,9
5097,0
5097,39
5098,0
5098,39
5099,25
5099,39
5100,0
5100,39
5101,5
5102,25
5102,39
5103,5
5103,9
5103,5
5103,9
5104,9
5104,9
5104,5
5105,25
5105,39
5106,2
5109,22
5109,9
5111,62
5111,5
5112,22
5112,9
5113,14
5113,39
5114,5
5115,9
5115,9
5115,5
5115,5
5115,9
5116,0
5116,39
5117,0
5117,14
5117,39
5118,25
5118,39
5119,22
5120,5
5120,9
5121,5
5121,9
5121,9
5121,9
5122,0
5122,39
5123,0
5123,1
5124,5
5124,61
5124,29
5124,4
5124,9
5125,22
5126,39
5127,22
5128,22
5128,9
5129,5
5129,9
5130,0
5130,39
5131,0
5131,10
5132,0
5132,39
5133,5
5133,9
5133,22
5134,5
5134,9
5134,9
5135,22
5136,5
5136,9
5137,5
5137,4
5138,5
5138,9
5138,9
5138,9
5139,9
5141,3
5141,25
5142,22
5142,9
5143,5
5144,0
5145,25
5145,39
5146,25
5146,3
5147,25
5147,3
5148,25
5148,3
5150,5
5150,61
5150,4
5150,9
5151,25
5151,3
5152,5
5152,9
5152,32
5153,25
5153,39
5154,25
5154,3
5155,5
5155,9
5155,4
5155,4
5157,22
5157,9
5158,22
5158,9
5159,5
5159,61
5159,9
5159,4
5159,9
5160,22
5161,77
5161,22
5161,9
5161,5
5162,22
5163,0
5163,1
5163,10
5165,22
5165,9
5166,22
5167,22
5167,9
5168,25
5168,39
5169,9
5169,5
5169,32
5171,25
5171,3
5172,3
5173,25
5173,3
5174,9
5174,22
5175,5
5175,9
5175,9
5176,5
5177,25
5177,3
5178,22
5179,22
5179,9
5180,5
5181,25
5181,3
5182,5
5182,48
5183,25
5183,94
5183,39
5184,5
5185,25
5185,39
5186,5
5186,9
5186,9
5187,5
5187,9
5188,5
5188,9
5189,25
5189,3
5190,5
5190,9
5190,32
5191,5
5191,9
5191,9
5192,5
5192,32
5193,5
5193,9
5193,9
5194,9
5194,5
5195,5
5195,9
5196,3
5197,5
5197,9
5197,9
5197,5
5198,3
5199,5
5199,27
5199,9
5199,4
5200,3
5201,25
5202,61
5202,9
5202,5
5202,5
5203,25
5203,15
5204,5
5204,9
5204,5
5205,9
5205,61
5205,5
5205,5
5206,5
5206,32
5206,9
5207,32
5207,5
5208,9
5208,5
5209,5
5209,9
5209,9
5210,9
5210,9
5210,5
5211,5
5211,9
5212,62
5213,22
5213,32
5213,22
5214,5
5214,9
5214,26
5214,31
5216,22
5216,9
5216,9
5217,22
5217,32
5217,22
5218,22
5219,5
5219,32
5219,9
5219,36
5220,5
5220,9
5220,26
5220,4
5222,9
5222,26
5223,9
5223,5
5224,5
5225,5
5225,9
5225,4
5226,9
5226,5
5227,9
5227,9
5227,5
5228,5
5228,36
5228,9
5229,22
5231,29
5231,5
5231,4
5232,5
5232,9
5232,26
5232,9
5232,31
5233,5
5233,9
5236,5
5236,26
5236,9
5237,5
5237,29
5238,22
5239,5
5240,5
5241,22
5242,5
5243,9
5243,9
5243,9
5243,5
5244,22
5244,9
5245,22
5246,5
5246,26
5247,22
5248,25
5248,39
5249,22
5249,9
5250,5
5251,25
5251,3
5253,5
5254,25
5254,3
5255,1
5256,5
5256,32
5256,9
5256,9
5257,22
5258,5
5258,36
5259,34
5259,3
5260,25
5261,9
5261,5
5262,5
5263,5
5264,9
5264,9
5264,5
5265,25
5265,39
5266,5
5266,9
5267,5
5267,61
5267,5
5268,5
5269,25
5269,3
5270,1
5271,2
5271,1
5271,25
5272,1
5273,5
5273,9
5273,9
5275,9
5275,5
5276,0
5277,0
5278,0
5279,9
5279,5
5280,9
5280,9
5280,9
5280,5
5281,5
5282,0
5283,0
5284,5
5284,9
5284,9
5286,22
5287,5
5289,5
5290,1
5291,0
5291,15
5291,2
5292,3
5293,5
5294,9
5294,5
5295,9
5295,5
5297,5
5298,5
5298,9
5299,5
5300,32
5300,5
5300,9
5301,3
5301,7
5302,5
5303,5
5304,5
5305,15
5305,0
5306,5
5308,5
5308,9
5309,9
5309,9
5309,5
5311,9
5311,5
5312,5
5314,5
5314,9
5315,5
5316,32
5316,5
5317,5
5318,22
5318,9
5319,3
5320,5
5321,5
5322,22
5322,9
5324,22
5325,15
5325,0
5326,5
5327,9
5327,5
5328,5
5329,9
5329,9
5329,5
5330,9
5330,5
5331,9
5331,9
5331,5
5333,9
5333,9
5333,5
5334,2
5334,3
5335,5
5336,5
5336,27
5337,32
5337,22
5337,22
5337,9
5338,5
5338,9
5339,22
5339,32
5339,32
5340,5
5341,5
5341,28
5342,1
5342,0
5343,72
5344,72
5345,1
5345,12
5346,2
5346,12
5347,0
5347,10
5347,10
5348,0
5348,1
5349,33
5350,1
5351,1
5351,21
5351,0
5352,1
5353,27
5354,1
5355,1
5356,27
5357,1
5358,1
5359,1
5359,0
5360,3
5360,0
5361,1
5362,1
5363,27
5364,1
5365,10
5366,1
5367,1
5368,62
5368,27
5368,22
5369,1
5369,17
5369,47
5370,1
5371,1
5371,0
5372,10
5372,17
5372,0
5373,1
5373,0
5374,1
5375,1
5376,1
5377,27
5378,0
5378,1
5379,27
5380,1
5381,27
5382,1
5383,1
5384,27
5385,1
5385,0
5386,27
5387,27
5388,1
5389,1
5389,17
5390,1
5390,0
5391,3
5391,25
5392,1
5392,0
5393,27
5394,1
5395,1
5396,1
5397,1
5398,1
5399,1
5400,1
5401,1
5402,10
5403,1
5404,1
5405,1
5405,10
5405,17
5406,1
5407,3
5408,1
5408,0
5409,1
5410,1
5411,1
5411,2
5411,0
5412,1
5413,1
5414,1
5415,1
5416,1
5417,1
5418,1
5419,1
5420,27
5421,1
5421,0
5421,16
5422,1
5423,1
5424,1
5424,0
5425,1
5426,1
5426,0
5427,5
5427,27
5428,1
5429,10
5430,1
5431,1
5432,1
5432,24
5433,1
5433,0
5434,1
5434,0
5435,1
5436,1
5437,1
5437,94
5437,38
5437,17
5438,1
5439,1
5439,45
5439,0
5440,10
5441,10
5441,17
5442,27
5443,2
5443,10
5444,27
5445,1
5445,17
5446,1
5446,17
5446,17
5447,6
5447,10
5448,2
5448,10
5448,0
5449,25
5449,1
5449,2
5450,2
5450,1
5450,25
5451,6
5451,1
5451,1
5451,25
5452,6
5452,1
5452,0
5453,2
5453,10
5453,0
5453,17
5454,9
5454,27
5455,2
5455,10
5455,0
5456,2
5456,10
5457,2
5457,1
5457,17
5458,2
5458,1
5458,10
5458,0
5458,13
5458,18
5459,10
5459,56
5459,24
5459,17
5459,95
5460,17
5460,0
5460,1
5461,1
5462,13
5462,24
5462,17
5462,1
5463,2
5463,1
5464,1
5464,13
5464,96
5464,17
5465,1
5465,15
5465,6
5465,0
5465,13
5465,18
5466,1
5466,2
5467,13
5467,10
5467,1
5468,72
5469,2
5469,10
5469,55
5470,1
5470,2
5471,10
5471,1
5472,10
5473,2
5473,1
5473,15
5473,0
5473,13
5473,18
5474,1
5475,2
5475,1
5475,0
5476,2
5476,1
5476,0
5477,2
5477,1
5477,0
5478,2
5478,1
5478,10
5479,2
5479,10
5479,0
5480,2
5480,1
5480,10
5480,13
5480,0
5481,10
5482,1
5483,2
5483,1
5483,10
5484,2
5484,1
5484,10
5484,1
5484,17
5484,18
5484,7
5484,25
5485,2
5485,10
5485,0
5485,13
5486,10
5486,1
5486,13
5487,2
5487,1
5487,0
5488,2
5488,1
5488,10
5488,0
5488,17
5489,1
5490,5
5490,27
5491,1
5492,1
5493,1
5494,1
5495,1
5496,1
5497,1
5497,17
5497,0
5498,1
5498,0
5498,17
5499,1
5500,1
5501,0
5501,1
5502,1
5502,0
5503,1
5504,10
5504,0
5505,1
5506,1
5507,1
5508,1
5508,10
5508,17
5508,45
5509,10
5510,10
5510,0
5510,17
5511,10
5512,1
5513,1
5513,38
5514,1
5514,14
5515,1
5516,1
5516,0
5517,1
5518,27
5519,27
5520,1
5521,1
5522,10
5523,1
5523,0
5524,10
5525,1
5525,15
5526,1
5527,1
5527,0
5527,45
5528,1
5528,45
5529,3
5529,17
5530,1
5531,10
5532,10
5533,10
5533,0
5534,1
5534,10
5535,1
5535,0
5536,1
5536,17
5537,1
5538,1
5538,0
5539,10
5540,1
5541,1
5542,1
5543,1
5543,0
5544,1
5545,10
5545,0
5546,1
5547,1
5547,49
5548,1
5549,1
5550,1
5551,1
5552,1
5553,1
5554,1
5555,10
5556,1
5556,0
5557,5
5557,27
5558,1
5559,1
5560,1
5560,0
5561,1
5562,1
5563,1
5564,1
5564,0
5564,14
5565,1
5565,0
5566,27
5567,27
5568,1
5569,1
5570,1
5571,1
5571,17
5572,1
5573,1
5574,1
5575,1
5576,1
5576,0
5577,1
5578,1
5579,1
5580,1
5581,1
5583,1
5583,0
5584,10
5584,1
5585,1
5585,0
5586,1
5587,1
5588,1
5589,1
5589,1
5589,1
5589,0
5590,1
5591,5
5591,27
5592,1
5593,1
5593,0
5594,1
5594,0
5595,1
5596,1
5597,1
5597,18
5598,1
5599,1
5600,1
5600,13
5601,1
5601,0
5602,5
5602,27
5603,25
5603,1
5603,2
5603,13
5604,1
5605,1
5605,0
5606,1
5606,17
5607,1
5607,0
5608,1
5608,17
5608,24
5609,1
5609,0
5610,3
5610,17
5611,1
5611,0
5612,1
5612,0
5613,1
5613,0
5614,10
5614,12
5615,3
5615,0
5616,1
5616,0
5617,1
5617,0
5618,10
5618,3
5618,0
5619,3
5619,0
5620,3
5621,1
5622,1
5623,27
5624,1
5625,1
5625,0
5626,3
5626,0
5627,10
5627,0
5628,3
5628,0
5629,1
5629,0
5630,1
5630,0
5631,1
5632,0
5632,1
5632,34
5633,34
5633,1
5633,0
5634,1
5634,0
5635,1
5635,0
5636,1
5637,1
5638,1
5639,1
5639,1
5640,5
5640,27
5641,2
5641,1
5641,25
5642,27
5643,2
5643,1
5644,2
5644,1
5644,0
5645,2
5645,1
5645,1
5645,25
5646,2
5646,1
5646,25
5647,2
5647,1
5647,1
5647,25
5648,2
5648,1
5648,0
5649,2
5649,1
5649,25
5650,2
5650,1
5650,17
5651,1
5651,2
5652,2
5652,1
5652,25
5652,17
5653,27
5654,27
5655,27
5656,2
5656,1
5657,2
5657,1
5657,1
5657,25
5658,2
5658,1
5658,25
5658,17
5659,2
5659,1
5659,25
5660,2
5660,1
5660,1
5660,25
5660,13
5661,25
5661,2
5661,1
5662,2
5662,1
5662,25
5663,2
5663,1
5663,25
5664,1
5664,2
5665,25
5665,2
5665,1
5666,2
5666,1
5666,10
5666,0
5667,2
5667,1
5667,25
5668,25
5668,1
5668,2
5668,13
5669,27
5670,27
5671,1
5671,0
5672,27
5673,27
5674,1
5675,1
5675,17
5676,2
5676,1
5676,1
5676,25
5676,17
5677,2
5677,1
5678,2
5678,1
5678,25
5679,1
5680,2
5680,1
5680,1
5680,1
5680,25
5680,13
5681,1
5681,1
5681,1
5682,27
5683,2
5683,1
5683,25
5684,1
5685,2
5685,1
5685,17
5685,25
5686,1
5686,1
5687,2
5687,1
5687,25
5687,13
5688,1
5688,2
5688,0
5689,2
5689,1
5690,2
5690,3
5691,27
5692,1
5692,2
5692,0
5693,5
5693,27
5694,1
5694,2
5694,0
5695,5
5695,62
5695,27
5696,1
5696,2
5697,1
5697,2
5697,25
5698,25
5698,1
5698,2
5699,27
5699,5
5700,1
5700,2
5701,1
5701,2
5702,27
5703,1
5703,2
5703,0
5704,5
5704,27
5705,1
5705,2
5705,0
5706,27
5707,27
5708,2
5708,1
5708,10
5708,1
5708,25
5709,27
5710,5
5710,27
5711,5
5711,27
5712,1
5712,2
5712,13
5712,25
5713,1
5713,2
5713,25
5714,27
5715,1
5715,0
5715,2
5716,25
5716,1
5716,2
5717,1
5717,2
5717,0
5718,2
5718,1
5719,1
5719,2
5719,45
5720,1
5721,2
5721,1
5722,1
5722,2
5723,5
5723,27
5724,1
5724,2
5725,1
5725,2
5726,1
5726,2
5727,27
5728,30
5729,27
5730,27
5731,1
5731,2
5732,27
5733,1
5733,2
5733,18
5733,0
5734,27
5735,27
5736,0
5736,1
5736,2
5736,13
5736,18
5737,62
5737,27
5738,27
5739,25
5739,1
5739,2
5739,35
5740,25
5740,1
5740,2
5741,25
5741,1
5741,6
5742,15
5742,6
5743,1
5743,10
5743,2
5743,0
5744,3
5744,1
5744,2
5744,25
5745,1
5745,2
5745,25
5746,1
5746,2
5746,0
5747,5
5747,27
5748,1
5748,2
5749,27
5750,1
5750,1
5750,2
5750,25
5751,1
5751,2
5751,0
5752,5
5752,27
5753,27
5754,1
5754,2
5755,1
5755,10
5755,2
5755,0
5756,1
5756,10
5756,2
5756,18
5757,3
5757,10
5757,2
5757,0
5758,97
5759,1
5759,2
5759,0
5760,1
5760,2
5760,25
5761,25
5761,1
5761,2
5762,1
5762,2
5763,1
5763,2
5764,5
5764,27
5765,27
5766,27
5767,1
5767,2
5768,27
5769,3
5769,2
5769,25
5770,3
5770,2
5771,5
5771,27
5772,1
5772,2
5772,13
5772,0
5773,1
5773,2
5774,1
5774,1
5774,2
5775,1
5775,2
5775,0
5776,25
5776,1
5776,2
5777,10
5777,2
5777,0
5778,1
5778,10
5778,2
5779,1
5779,2
5779,0
5780,1
5780,2
5781,3
5781,2
5782,1
5782,2
5783,25
5783,1
5783,2
5784,10
5784,2
5785,27
5786,1
5786,1
5786,1
5786,2
5786,0
5787,1
5787,2
5788,5
5788,62
5788,27
5789,1
5789,2
5790,10
5790,2
5790,0
5791,1
5791,2
5792,1
5792,2
5793,0
5793,1
5793,1
5793,2
5793,13
5794,1
5795,2
5795,1
5796,1
5796,2
5796,25
5797,1
5797,2
5797,25
5798,1
5798,2
5799,1
5799,2
5799,18
5800,27
5801,1
5801,1
5801,2
5801,25
5802,1
5802,2
5803,1
5803,1
5803,10
5803,2
5804,2
5804,1
5804,25
5805,2
5805,1
5805,25
5806,2
5806,1
5806,25
5807,2
5807,25
5807,1
5807,13
5808,2
5808,1
5809,0
5809,3
5809,2
5810,2
5810,25
5810,1
5810,89
5811,1
5811,1
5811,89
5811,25
5811,2
5812,2
5812,3
5813,1
5813,89
5813,2
5814,2
5814,25
5814,10
5815,2
5815,25
5815,1
5815,13
5816,2
5816,1
5817,2
5817,1
5818,27
5819,2
5819,1
5819,1
5820,1
5820,10
5820,0
5821,1
5821,1
5821,10
5821,0
5822,1
5822,0
5823,1
5823,0
5824,10
5825,10
5825,0
5826,1
5826,10
5827,1
5828,1
5829,1
5830,1
5830,0
5831,1
5831,0
5832,1
5832,0
5833,1
5833,10
5833,0
5835,1
5835,1
5836,1
5836,1
5836,10
5836,0
5837,1
5838,1
5838,0
5839,1
5839,10
5840,10
5841,1
5842,9
5842,9
5842,5
5842,26
5843,12
5843,1
5844,1
5844,12
5845,9
5845,9
5845,9
5845,5
5846,9
5846,9
5846,5
5846,26
5847,12
5847,1
5848,1
5848,0
5849,1
5850,10
5850,0
5851,0
5851,1
5852,1
5852,12
5853,1
5853,12
5854,10
5855,10
5855,0
5856,1
5856,12
5857,12
5857,1
5858,12
5858,1
5859,1
5859,0
5860,1
5860,0
5861,1
5861,0
5862,1
5862,0
5864,1
5865,1
5866,1
5866,0
5867,1
5869,10
5869,14
5869,1
5869,17
5870,5
5870,9
5871,14
5871,10
5871,0
5873,1
5873,17
5873,0
5874,0
5874,14
5874,10
5875,1
5875,0
5876,1
5876,0
5876,17
5877,10
5877,1
5878,1
5878,1
5879,1
5880,17
5880,15
5880,14
5881,1
5882,9
5882,9
5882,5
5882,28
5883,5
5883,28
5884,5
5885,3
5886,5
5886,9
5886,9
5886,9
5886,26
5887,5
5887,9
5888,5
5888,9
5889,5
5890,9
5890,5
5891,5
5892,5
5892,32
5893,5
5893,32
5894,22
5896,5
5897,9
5897,5
5898,5
5899,5
5900,22
5901,5
5902,5
5903,5
5905,5
5906,1
5906,0
5907,0
5908,5
5909,0
5910,5
5911,1
5912,10
5914,5
5915,5
5917,1
5917,0
5918,9
5918,5
5919,5
5919,9
5921,5
5922,1
5922,0
5923,1
5924,1
5925,1
5926,15
5927,5
5928,5
5929,3
5930,3
5931,22
5932,3
5933,3
5936,3
5936,14
5936,25
5937,1
5938,3
5938,25
5938,47
5939,0
5939,7
5939,1
5940,25
5940,3
5941,1
5941,0
5942,1
5943,1
5944,3
5946,3
5947,0
5947,1
5948,1
5949,25
5949,1
5950,3
5950,25
5951,25
5951,3
5952,3
5952,25
5953,14
5953,25
5953,3
5954,25
5954,3
5956,3
5957,25
5957,3
5958,25
5958,3
5960,25
5960,3
5961,3
5961,25
5963,3
5964,25
5964,1
5965,1
5965,1
5966,1
5967,14
5967,25
5967,1
5967,1
5968,14
5968,3
5969,25
5969,47
5969,3
5970,3
5970,14
5970,25
5971,25
5971,14
5971,3
5972,3
5972,25
5972,47
5973,3
5974,14
5974,25
5974,3
5975,25
5975,3
5976,1
5977,14
5977,0
5977,1
5978,1
5979,0
5979,10
5980,0
5980,1
5981,1
5982,1
5985,0
5986,1
5987,5
5988,1
5989,1
5990,5
5992,1
5993,7
5993,1
5994,1
5995,1
5995,0
5996,14
5996,0
5996,1
5997,0
5997,1
5998,0
5998,1
5999,1
6001,1
6004,14
6004,1
6005,1
6006,0
6006,1
6007,1
6008,5
6011,1
6012,0
6012,1
6013,7
6013,0
6013,1
6014,1
6015,14
6015,0
6015,1
6016,1
6017,0
6017,1
6018,5
6019,5
6020,1
6020,0
6021,1
6022,1
6023,0
6023,1
6024,0
6024,1
6026,1
6027,10
6027,0
6028,1
6028,10
6028,0
6028,10
6029,10
6030,1
6031,1
6032,1
6032,12
6033,0
6033,10
6034,1
6035,5
6035,9
6036,10
6036,0
6037,0
6037,1
6038,9
6038,31
6039,3
6039,12
6040,1
6040,12
6041,12
6041,1
6042,1
6042,12
6043,1
6043,12
6044,1
6045,1
6046,1
6047,1
6048,1
6048,45
6049,1
6049,1
6049,0
6050,1
6051,10
6051,13
6051,0
6052,1
6052,25
6053,1
6054,1
6054,25
6055,10
6055,13
6056,1
6058,13
6058,1
6058,0
6059,1
6060,1
6061,1
6062,1
6063,1
6063,25
6064,1
6064,25
6065,1
6066,1
6067,1
6067,25
6068,25
6068,1
6069,9
6069,9
6069,5
6069,26
6070,1
6070,25
6070,0
6071,1
6071,25
6071,0
6072,25
6072,1
6073,0
6073,1
6074,10
6075,1
6076,1
6076,25
6077,1
6078,1
6078,52
6079,10
6080,1
6081,1
6081,0
6082,25
6082,1
6083,13
6083,12
6083,1
6084,0
6084,1
6084,1
6085,1
6086,0
6086,1
6087,1
6087,25
6088,1
6089,1
6090,0
6090,12
6090,1
6091,3
6091,12
6092,1
6092,12
6093,1
6093,12
6094,1
6094,25
6095,1
6095,10
6097,1
6099,1
6099,12
6100,1
6100,25
6101,1
6101,25
6102,1
6102,25
6103,3
6104,1
6105,1
6105,17
6105,12
6106,5
6107,5
6109,1
6109,0
6110,1
6110,0
6111,1
6111,12
6112,1
6112,25
6113,1
6113,25
6114,1
6114,25
6115,5
6115,9
6116,1
6116,0
6117,10
6117,12
6118,1
6119,1
6120,1
6120,25
6121,1
6121,1
6121,25
6122,1
6123,1
6123,0
6124,1
6124,25
6125,1
6125,0
6126,1
6127,1
6127,0
6128,1
6128,0
6129,1
6130,1
6130,0
6131,0
6131,1
6132,1
6133,1
6133,25
6134,10
6134,0
6135,1
6135,25
6136,10
6136,0
6137,1
6137,25
6138,1
6139,10
6139,0
6143,1
6143,10
6144,1
6144,0
6145,1
6146,1
6147,15
6148,3
6149,1
6149,0
6150,1
6151,10
6152,10
6153,1
6153,25
6154,1
6157,1
6157,25
6158,1
6159,1
6159,0
6160,1
6160,25
6161,1
6162,1
6162,25
6163,1
6163,25
6164,1
6165,1
6166,1
6166,1
6166,1
6166,25
6167,10
6167,17
6168,10
6168,0
6170,1
6171,2
6172,2
6173,2
6174,27
6174,9
6174,5
6174,9
6174,9
6175,17
6175,2
6176,17
6176,2
6177,2
6178,1
6178,12
6179,10
6179,2
6180,10
6180,12
6181,1
6182,1
6183,1
6183,12
6184,1
6184,12
6185,1
6187,1
6188,1
6189,1
6189,12
6190,32
6190,22
6190,22
6191,32
6191,22
6191,22
6192,5
6192,9
6192,9
6193,1
6193,12
6194,1
6194,12
6195,10
6195,14
6196,1
6196,12
6197,12
6197,1
6198,1
6198,12
6199,1
6199,12
6200,1
6200,12
6201,1
6202,5
6203,1
6204,1
6205,1
6205,12
6206,5
6207,9
6207,9
6207,5
6208,9
6208,5
6208,28
6209,5
6209,9
6210,9
6210,5
6211,5
6212,9
6212,9
6212,9
6212,5
6213,5
6213,9
6213,9
6214,9
6214,9
6214,5
6215,9
6215,5
6216,9
6216,5
6217,9
6217,9
6217,5
6218,22
6219,1
6219,0
6220,1
6220,0
6221,0
6221,1
6221,10
6222,1
6222,10
6222,0
6223,10
6223,0
6224,1
6225,1
6225,0
6226,10
6226,0
6227,1
6227,0
6228,1
6228,0
6229,1
6229,0
6230,45
6230,10
6230,0
6230,14
6230,98
6231,10
6231,0
6232,18
6232,1
6232,0
6233,1
6233,0
6234,10
6235,9
6236,10
6237,1
6237,0
6238,1
6238,0
6239,1
6239,0
6240,1
6241,1
6241,0
6243,1
6243,0
6244,1
6244,0
6245,1
6245,0
6246,1
6246,0
6247,1
6247,12
6248,1
6249,3
6249,12
6250,1
6250,12
6251,1
6251,18
6252,1
6253,15
6253,0
6255,36
6256,22
6257,1
6257,12
6258,5
6260,9
6260,9
6260,5
6261,1
6262,1
6263,10
6263,12
6264,10
6264,12
6265,22
6266,5
6266,9
6266,9
6266,9
6267,9
6267,9
6267,5
6268,5
6269,5
6269,9
6270,10
6270,0
6272,5
6273,5
6274,32
6274,22
6274,22
6275,22
6276,32
6276,22
6276,22
6277,32
6277,22
6278,5
6278,9
6278,9
6279,32
6279,22
6279,22
6280,22
6280,32
6280,9
6281,32
6281,22
6281,22
6282,1
6283,32
6283,22
6283,22
6285,22
6285,32
6285,9
6286,33
6287,22
6288,5
6289,9
6289,5
6289,4
6290,9
6290,9
6290,5
6291,5
6291,9
6292,32
6292,22
6292,22
6293,10
6294,10
6295,0
6295,1
6296,1
6296,0
6297,10
6298,1
6299,10
6299,0
6300,10
6301,1
6301,0
6302,1
6302,0
6303,10
6304,1
6304,10
6304,0
6305,0
6305,10
6306,10
6306,0
6307,10
6307,0
6308,10
6309,0
6309,1
6310,10
6310,0
6311,1
6311,0
6312,10
6312,0
6313,5
6313,9
6314,10
6315,10
6316,29
6317,5
6318,10
6319,10
6320,1
6320,0
6321,1
6321,0
6322,5
6322,9
6323,10
6323,1
6323,0
6324,5
6324,9
6324,32
6326,22
6330,22
6330,9
6331,5
6332,22
6333,22
6336,33
6337,1
6337,12
6338,1
6338,12
6339,1
6339,12
6340,1
6340,12
6341,3
6341,0
6342,1
6343,1
6344,1
6345,1
6346,5
6346,9
6346,9
6346,9
6346,9
6346,26
6347,1
6348,1
6349,1
6349,1
6350,1
6351,1
6352,1
6353,1
6354,1
6355,5
6355,9
6355,9
6355,9
6357,5
6357,9
6357,9
6358,5
6358,77
6359,1
6360,5
6360,32
6362,10
6363,1
6364,88
6366,9
6366,5
6367,5
6368,26
6369,5
6370,5
6370,9
6371,5
6373,9
6373,5
6374,5
6375,0
6375,1
6376,5
6377,9
6377,5
6378,5
6379,5
6380,5
6381,5
6381,9
6382,32
6384,5
6384,9
6384,9
6385,5
6386,9
6386,5
6387,9
6387,5
6388,12
6388,1
6389,5
6390,5
6391,5
6391,9
6391,9
6392,5
6392,9
6392,9
6392,9
6393,5
6394,9
6394,5
6395,3
6396,1
6396,0
6397,71
6398,71
6399,71
6400,71
6401,1
6403,5
6404,5
6405,5
6406,8
6406,10
6406,0
6407,5
6408,9
6408,5
6409,32
6410,5
6411,5
6412,9
6412,5
6413,0
6413,10
6414,9
6414,5
6415,32
6416,5
6416,9
6416,9
6417,5
6418,9
6418,9
6418,9
6418,5
6419,5
6419,9
6420,9
6420,5
6421,5
6422,9
6422,5
6422,9
6423,5
6424,9
6424,5
6425,9
6425,32
6425,5
6426,5
6427,9
6427,5
6428,32
6428,5
6430,5
6430,9
6430,26
6430,4
6431,5
6432,5
6432,32
6432,32
6433,5
6434,5
6434,32
6434,9
6435,9
6435,9
6435,9
6435,9
6435,5
6436,5
6437,1
6437,12
6438,5
6440,5
6441,32
6441,5
6442,5
6443,5
6444,5
6445,5
6445,9
6446,32
6446,5
6447,10
6447,12
6448,9
6448,5
6450,9
6450,5
6451,5
6452,5
6453,5
6454,5
6454,32
6454,9
6455,5
6456,1
6456,12
6457,1
6458,12
6458,1
6459,5
6460,9
6460,5
6461,5
6462,5
6463,5
6464,5
6465,9
6465,5
6466,5
6467,5
6468,9
6468,5
6469,5
6470,5
6471,5
6472,5
6473,5
6474,5
6475,5
6476,5
6477,32
6478,5
6479,9
6479,5
6480,5
6481,5
6482,5
6484,5
6485,0
6485,10
6486,28
6486,5
6486,32
6487,32
6487,5
6489,5
6490,5
6490,78
6491,5
6492,10
6492,12
6494,5
6495,9
6495,5
6496,5
6497,9
6497,9
6497,9
6497,9
6497,5
6499,5
6500,9
6500,5
6501,5
6502,12
6502,1
6502,10
6503,9
6503,9
6503,5
6504,5
6505,9
6505,5
6506,5
6506,9
6506,9
6507,5
6508,9
6508,5
6509,3
6509,0
6510,9
6510,5
6511,5
6512,9
6512,5
6513,5
6515,5
6515,9
6515,9
6518,9
6518,5
6519,5
6520,5
6521,5
6522,5
6523,5
6524,5
6525,9
6525,5
6526,5
6527,0
6527,3
6528,0
6528,1
6529,12
6529,1
6531,3
6532,9
6532,9
6532,26
6532,5
6533,0
6533,1
6534,1
6535,1
6536,1
6536,1
6537,1
6538,1
6539,1
6540,1
6541,1
6541,12
6542,5
6544,22
6544,5
6546,9
6546,5
6547,5
6548,9
6548,5
6549,5
6550,5
6551,4
6551,22
6552,5
6554,9
6554,5
6555,1
6555,12
6556,9
6556,5
6557,9
6557,9
6557,9
6557,9
6557,5
6558,5
6559,1
6559,12
6560,9
6560,9
6560,5
6561,12
6561,1
6563,12
6563,1
6564,22
6565,22
6566,67
6567,10
6567,0
6569,22
6570,36
6571,9
6571,5
6572,5
6574,5
6575,5
6576,77
6577,32
6578,22
6579,5
6580,5
6582,5
6583,5
6583,32
6583,36
6584,5
6585,9
6585,5
6585,4
6586,9
6587,32
6588,5
6589,9
6589,5
6590,9
6590,5
6591,5
6592,5
6593,5
6594,5
6595,22
6596,5
6597,5
6598,1
6598,12
6599,5
6602,1
6603,22
6605,22
6606,1
6606,0
6608,1
6608,1
6608,12
6609,9
6609,9
6609,5
6609,32
6610,10
6611,10
6611,12
6612,0
6612,10
6613,0
6613,10
6614,22
6615,5
6616,9
6616,5
6617,9
6617,9
6617,5
6617,32
6618,5
6619,5
6619,28
6621,9
6621,9
6621,5
6622,9
6622,9
6622,5
6623,5
6624,5
6625,10
6625,0
6626,5
6627,5
6628,5
6629,5
6629,9
6631,9
6631,9
6631,9
6631,5
6632,5
6632,9
6633,5
6634,9
6634,9
6634,5
6635,9
6635,5
6636,1
6637,9
6637,5
6638,1
6638,12
6639,1
6639,12
6640,9
6640,5
6641,5
6642,5
6643,5
6644,1
6646,9
6646,5
6647,5
6648,5
6649,5
6650,5
6651,5
6652,22
6653,5
6654,5
6655,1
6655,12
6656,9
6656,9
6656,5
6657,61
6657,5
6657,32
6658,9
6658,5
6659,5
6659,9
6660,9
6660,5
6663,9
6663,9
6663,5
6663,9
6663,9
6664,22
6666,1
6668,9
6668,32
6668,5
6669,5
6669,9
6670,9
6670,5
6670,32
6671,5
6672,5
6672,9
6672,9
6674,1
6677,5
6677,9
6677,9
6678,1
6679,1
6680,1
6681,22
6682,5
6682,32
6684,9
6684,5
6685,1
6686,22
6687,9
6687,5
6688,22
6691,9
6691,9
6691,5
6692,5
6693,71
6694,9
6694,5
6695,22
6695,5
6696,9
6696,5
6697,5
6698,32
6699,5
6699,32
6699,44
6700,5
6701,9
6701,5
6702,5
6703,5
6704,9
6704,5
6705,5
6705,9
6706,5
6707,1
6708,1
6709,1
6710,9
6710,26
6710,36
6710,5
6710,32
6711,5
6712,5
6713,5
6714,5
6714,9
6714,9
6715,5
6715,9
6715,9
6716,10
6716,12
6717,1
6717,0
6717,10
6718,1
6719,5
6719,9
6719,9
6720,22
6721,9
6721,5
6722,22
6722,9
6723,10
6723,10
6723,12
6724,5
6725,9
6725,5
6726,5
6727,22
6727,29
6728,10
6728,12
6729,5
6729,9
6730,0
6730,10
6731,5
6731,9
6732,22
6732,9
6732,36
6732,9
6734,1
6734,10
6734,12
6735,10
6735,12
6736,5
6737,32
6737,5
6738,5
6738,9
6738,9
6739,32
6739,5
6740,5
6740,9
6740,9
6740,26
6741,5
6742,10
6743,10
6744,22
6744,9
6744,9
6745,5
6745,9
6745,9
6746,1
6746,10
6746,12
6747,12
6747,1
6748,9
6748,5
6749,12
6749,1
6749,1
6750,10
6750,0
6751,9
6751,5
6752,9
6752,5
6753,22
6754,32
6754,22
6754,22
6755,32
6755,22
6756,9
6756,9
6756,5
6757,0
6757,1
6758,5
6759,5
6760,5
6762,5
6763,12
6763,1
6764,1
6764,12
6765,32
6765,5
6765,26
6766,12
6766,1
6767,5
6768,22
6769,22
6770,9
6770,5
6770,32
6771,9
6771,9
6771,5
6771,32
6772,5
6773,9
6773,5
6773,9
6773,31
6774,9
6774,5
6775,5
6777,5
6777,9
6778,9
6778,5
6779,1
6779,12
6780,5
6781,9
6781,5
6782,5
6783,9
6783,5
6784,5
6785,5
6786,5
6786,32
6786,9
6787,9
6787,5
6788,10
6788,0
6789,5
6790,10
6791,22
6792,5
6793,9
6793,9
6793,5
6794,12
6794,1
6795,9
6795,9
6795,5
6796,9
6796,5
6797,5
6797,9
6797,4
6798,22
6798,5
6799,3
6799,6
6799,17
6800,22
6800,32
6801,9
6801,5
6802,10
6803,10
6804,1
6804,10
6805,5
6805,9
6806,5
6806,9
6806,32
6807,32
6809,22
6809,32
6809,26
6810,22
6810,32
6811,1
6812,32
6813,5
6815,5
6816,5
6817,22
6818,3
6819,1
6820,6
6821,22
6822,3
6823,5
6823,9
6823,4
6824,5
6824,29
6824,9
6824,78
6825,5
6825,9
6826,5
6827,5
6827,9
6827,9
6828,22
6828,5
6829,5
6829,9
6829,9
6829,9
6830,3
6831,5
6831,9
6832,5
6833,32
6833,5
6834,29
6834,5
6834,9
6834,31
6835,9
6835,5
6835,4
6837,9
6837,5
6837,9
6838,9
6838,5
6839,22
6839,32
6839,36
6840,3
6841,9
6841,5
6842,10
6843,5
6843,9
6843,9
6844,9
6845,9
6845,9
6845,5
6845,32
6846,9
6846,5
6847,9
6847,5
6848,10
6848,18
6849,5
6849,9
6849,9
6850,5
6852,5
6853,3
6854,5
6854,29
6854,9
6854,44
6855,22
6856,9
6856,5
6857,5
6857,9
6857,9
6858,5
6858,9
6859,9
6859,5
6860,3
6861,22
6861,5
6862,5
6862,27
6863,22
6864,22
6865,3
6866,22
6867,1
6868,2
6868,0
6869,22
6869,9
6870,5
6870,9
6871,9
6871,5
6872,22
6874,9
6874,5
6875,1
6875,0
6876,6
6877,22
6878,22
6880,5
6880,9
6880,27
6881,5
6881,9
6882,9
6882,9
6882,5
6882,9
6882,9
6883,5
6883,9
6883,9
6884,5
6884,9
6884,4
6885,1
6886,5
6886,9
6886,9
6887,5
6887,9
6888,9
6888,9
6888,5
6889,1
6890,5
6890,36
6891,9
6891,5
6891,32
6892,9
6892,5
6893,12
6893,1
6894,1
6894,12
6896,5
6898,5
6899,9
6899,9
6899,5
6900,22
6901,5
6902,1
6902,0
6903,0
6903,1
6903,17
6904,0
6904,1
6905,22
6906,32
6906,22
6907,32
6907,5
6909,22
6909,32
6909,22
6910,5
6911,9
6911,5
6912,22
6912,9
6913,9
6913,5
6914,9
6914,9
6914,9
6914,5
6915,22
6915,9
6916,9
6916,5
6917,22
6917,9
6918,5
6919,5
6919,9
6919,9
6920,22
6920,29
6921,5
6921,9
6922,1
6923,1
6924,22
6925,22
6927,9
6927,5
6927,9
6928,5
6928,9
6928,9
6928,9
6929,22
6929,9
6930,9
6930,9
6930,5
6931,32
6931,9
6931,9
6932,5
6933,9
6933,9
6933,5
6934,9
6934,9
6934,5
6935,22
6935,9
6937,32
6937,22
6937,22
6938,9
6938,9
6938,5
6940,1
6941,1
6942,5
6944,0
6944,1
6945,1
6945,0
6946,1
6947,5
6949,1
6952,3
6953,5
6955,1
6955,0
6957,22
6958,9
6958,5
6960,44
6960,32
6961,5
6961,9
6961,9
6961,9
6962,5
6963,5
6963,9
6964,32
6965,9
6965,9
6966,9
6966,9
6966,5
6967,1
6967,0
6968,22
6968,9
6968,59
6969,2
6970,2
6971,2
6972,2
6973,2
6974,2
6975,22
6975,29
6975,9
6976,6
6977,22
6977,9
6977,9
6977,9
6977,9
6978,2
6979,2
6980,9
6980,5
6980,32
6981,2
6982,6
6983,9
6983,5
6983,32
6984,5
6984,9
6985,2
6985,0
6986,2
6987,0
6987,7
6987,2
6988,5
6988,27
6988,9
6988,9
6989,2
6990,0
6990,2
6991,2
6992,9
6992,5
6992,32
6992,29
6993,9
6993,9
6993,5
6993,32
6994,5
6994,9
6994,9
6995,2
6995,0
6996,2
6996,0
6997,0
6997,2
6998,0
6998,2
6999,2
7000,2
7001,0
7001,2
7002,0
7002,2
7003,5
7003,32
7003,9
7004,2
7005,2
7006,2
7007,2
7008,2
7009,2
7010,2
7011,2
7012,5
7012,27
7012,9
7012,9
7013,0
7013,2
7014,2
7014,0
7015,0
7015,2
7016,27
7016,5
7016,32
7017,2
7018,5
7018,32
7019,5
7019,9
7019,9
7019,4
7020,1
7020,2
7020,0
7021,2
7021,3
7022,22
7022,32
7022,9
7023,5
7023,9
7023,9
7023,4
7023,62
7023,59
7024,27
7024,5
7024,4
7024,9
7025,22
7026,9
7026,5
7026,28
7027,5
7027,32
7027,9
7027,9
7030,2
7031,5
7031,27
7031,9
7031,4
7032,5
7035,2
7036,5
7037,2
7038,5
7039,2
7040,9
7040,5
7040,9
7040,4
7041,2
7042,0
7042,3
7043,0
7043,2
7044,2
7045,2
7046,2
7047,2
7048,9
7048,9
7048,59
7048,5
7048,32
7049,2
7050,22
7051,2
7051,0
7052,2
7053,5
7053,9
7053,9
7053,9
7054,5
7054,32
7055,2
7056,9
7056,5
7057,6
7058,9
7058,26
7058,9
7058,4
7058,5
7059,9
7059,9
7059,5
7059,9
7059,31
7060,2
7061,2
7063,5
7064,27
7064,9
7064,4
7064,5
7065,0
7065,2
7066,2
7067,22
7067,9
7068,2
7069,2
7070,5
7070,9
7071,10
7072,2
7073,2
7074,2
7075,1
7076,22
7077,2
7078,2
7079,22
7080,5
7081,0
7081,1
7082,2
7082,0
7083,77
7084,2
7085,0
7085,2
7086,0
7086,1
7086,89
7087,22
7088,5
7088,9
7089,5
7089,9
7089,9
7090,5
7090,9
7090,9
7091,0
7091,1
7091,21
7092,2
7093,33
7094,9
7094,9
7094,5
7094,4
7095,9
7095,9
7095,9
7095,9
7095,29
7095,31
7096,0
7096,1
7097,5
7097,9
7098,22
7099,5
7099,28
7100,9
7100,9
7100,5
7100,4
7101,9
7101,9
7102,2
7103,5
7103,27
7103,9
7103,4
7104,0
7104,10
7104,1
7105,1
7105,0
7106,5
7107,0
7107,1
7108,10
7108,1
7109,0
7109,1
7110,0
7110,10
7111,22
7112,3
7113,5
7113,28
7114,5
7114,4
7115,5
7115,9
7115,9
7116,5
7116,4
7117,5
7117,9
7118,5
7119,3
7120,5
7120,32
7121,5
7121,32
7121,9
7123,71
7124,3
7125,15
7125,3
7126,9
7126,9
7126,5
7127,15
7128,3
7128,3
7129,1
7129,1
7129,12
7130,10
7130,10
7130,12
7131,5
7131,9
7132,5
7133,5
7133,9
7134,1
7135,1
7135,12
7136,10
7136,12
7137,1
7138,1
7139,1
7139,10
7140,10
7140,1
7141,1
7141,0
7142,1
7143,9
7143,5
7144,9
7144,5
7145,2
7146,9
7146,9
7146,5
7147,5
7148,22
7149,5
7150,22
7151,10
7152,10
7153,10
7154,10
7155,10
7155,34
7156,1
7158,22
7158,5
7159,9
7159,9
7159,5
7160,22
7160,5
7161,10
7162,22
7163,1
7164,1
7165,1
7165,0
7166,1
7167,1
7168,9
7168,9
7168,5
7169,10
7170,10
7171,0
7171,10
7172,18
7172,10
7173,1
7173,10
7174,10
7175,10
7176,1
7177,10
7178,10
7178,18
7179,2
7180,1
7181,1
7182,5
7183,1
7183,0
7183,10
7184,0
7184,10
7185,2
7186,32
7186,9
7186,5
7187,5
7187,32
7187,9
7188,5
7188,9
7188,9
7189,2
7190,10
7191,6
7191,0
7192,5
7192,9
7192,9
7193,71
7194,5
7195,6
7196,10
7196,18
7197,1
7198,10
7199,32
7199,5
7200,2
7200,0
7201,6
7202,6
7203,6
7204,22
7204,9
7205,5
7205,32
7205,9
7206,2
7206,0
7206,16
7207,1
7207,6
7208,2
7209,5
7209,32
7209,9
7210,1
7211,12
7211,10
7212,9
7212,5
7213,10
7214,5
7214,9
7214,9
7215,1
7216,10
7217,2
7218,22
7219,1
7220,9
7220,9
7220,5
7220,32
7223,22
7226,22
7226,9
7227,12
7227,1
7228,5
7229,5
7230,5
7230,4
7231,9
7231,9
7231,5
7232,5
7232,9
7232,9
7232,9
7233,5
7234,5
7235,5
7235,9
7235,9
7235,9
7236,9
7237,5
7238,9
7238,9
7238,5
7239,9
7239,5
7239,26
7240,5
7240,4
7241,5
7243,10
7243,12
7244,22
7244,9
7245,5
7245,99
7247,5
7248,5
7249,9
7249,9
7249,5
7250,5
7250,9
7250,9
7250,9
7250,9
7250,9
7251,5
7252,5
7253,5
7254,5
7254,9
7256,5
7257,9
7257,5
7258,5
7258,32
7259,9
7259,5
7260,22
7261,5
7261,9
7262,5
7262,9
7262,9
7263,5
7263,26
7263,9
7264,1
7264,12
7265,9
7265,9
7265,9
7265,5
7266,0
7266,1
7267,0
7267,1
7268,10
7268,1
7269,1
7269,0
7270,0
7270,1
7270,40
7271,1
7271,0
7272,1
7273,5
7274,0
7274,1
7275,1
7275,0
7275,38
7276,1
7276,0
7277,1
7277,0
7282,9
7282,5
7283,5
7283,9
7283,9
7283,9
7284,9
7284,5
7285,5
7285,9
7286,9
7287,9
7287,5
7288,9
7288,5
7289,9
7289,5
7290,5
7292,9
7292,9
7292,5
7293,33
7294,1
7295,1
7295,12
7296,33
7297,9
7297,5
7297,5
7298,84
7299,1
7299,12
7300,67
7301,1
7301,12
7302,1
7303,1
7304,1
7304,1
7304,0
7305,10
7306,1
7306,0
7307,5
7307,29
7307,9
7308,1
7308,12
7309,5
7310,22
7311,22
7311,9
7312,22
7315,27
7316,32
7316,22
7316,22
7316,9
7317,9
7317,22
7318,5
7318,32
7319,27
7320,9
7321,1
7321,10
7322,1
7323,1
7323,12
7324,1
7324,10
7325,1
7325,12
7326,5
7327,5
7328,9
7328,5
7329,5
7330,1
7330,12
7332,10
7333,1
7334,1
7337,22
7338,1
7339,1
7340,1
7341,1
7342,5
7342,5
7343,1
7344,1
7345,1
7347,10
7347,0
7348,1
7349,22
7350,1
7351,1
7352,10
7353,1
7354,10
7355,10
7356,10
7356,0
7356,14
7357,1
7358,1
7358,0
7359,1
7360,1
7361,1
7362,1
7363,1
7364,1
7365,10
7366,1
7367,1
7368,1
7369,5
7370,1
7371,1
7372,22
7372,22
7372,22
7373,1
7373,0
7374,0
7374,10
7375,10
7376,10
7377,10
7378,10
7378,1
7379,10
7380,10
7381,1
7382,1
7383,1
7383,10
7384,22
7384,22
7384,22
7385,10
7386,1
7386,10
7387,0
7387,10
7388,1
7388,0
7389,1
7389,0
7390,10
7391,10
7391,0
7392,1
7393,9
7393,5
7394,9
7394,22
7395,5
7396,27
7396,9
7396,5
7397,2
7398,9
7398,9
7398,5
7399,9
7399,22
7399,22
7400,32
7400,22
7400,9
7401,1
7402,1
7402,0
7403,1
7403,1
7403,0
7404,10
7405,1
7405,10
7406,3
7407,1
7408,1
7408,10
7409,1
7410,1
7410,1
7411,1
7411,1
7412,10
7412,1
7413,1
7414,1
7415,22
7416,5
7417,32
7417,22
7417,22
7418,32
7418,22
7419,22
7419,26
7420,9
7420,5
7420,9
7420,9
7421,22
7421,9
7422,22
7423,32
7423,22
7423,22
7424,22
7425,5
7425,9
7426,9
7426,5
7427,5
7428,9
7428,5
7429,5
7429,9
7430,5
7431,9
7431,5
7432,9
7432,9
7432,5
7433,9
7433,5
7434,44
7435,9
7435,9
7435,9
7435,5
7436,5
7437,22
7437,9
7438,5
7438,4
7439,9
7439,5
7440,5
7441,9
7442,9
7442,32
7443,5
7443,9
7444,32
7444,22
7444,22
7445,5
7446,5
7447,22
7447,9
7447,9
7448,5
7449,5
7450,5
7451,5
7452,5
7453,5
7454,22
7454,9
7455,32
7455,22
7455,22
7456,5
7456,9
7457,22
7457,9
7458,9
7459,44
7460,22
7461,5
7461,9
7461,9
7462,22
7462,9
7465,5
7465,9
7466,9
7466,5
7468,22
7468,9
7468,9
7469,22
7470,5
7471,5
7471,9
7471,9
7472,5
7473,5
7475,22
7475,9
7475,9
7476,5
7477,9
7477,5
7478,5
7478,9
7478,9
7479,5
7480,9
7480,5
7481,5
7482,9
7482,5
7482,9
7483,22
7485,5
7486,5
7487,5
7487,29
7488,5
7489,32
7489,22
7489,22
7490,5
7490,32
7490,22
7491,22
7492,5
7493,9
7493,5
7493,32
7494,32
7494,22
7495,22
7496,9
7496,5
7497,9
7497,9
7497,5
7498,5
7499,5
7500,5
7501,5
7502,5
7503,3
7503,25
7504,3
7504,25
7506,5
7506,9
7506,9
7506,9
7507,10
7508,1
7508,0
7509,1
7510,1
7511,1
7511,0
7512,10
7513,1
7513,1
7514,0
7514,1
7514,10
7515,0
7515,1
7515,10
7516,0
7516,1
7517,10
7518,1
7518,51
7519,1
7520,1
7520,10
7521,10
7521,18
7522,1
7522,10
7523,10
7524,1
7525,10
7526,1
7526,10
7527,10
7528,1
7530,10
7531,1
7531,10
7531,0
7532,1
7532,10
7533,10
7534,1
7534,10
7535,10
7536,0
7536,1
7537,1
7538,1
7539,1
7540,0
7540,1
7541,1
7541,10
7542,0
7542,1
7542,10
7543,2
7543,12
7544,1
7545,12
7545,1
